_id,CRASH_CRN,DISTRICT,CRASH_COUNTY,MUNICIPALITY,POLICE_AGCY,CRASH_YEAR,CRASH_MONTH,DAY_OF_WEEK,TIME_OF_DAY,HOUR_OF_DAY,ILLUMINATION,WEATHER,ROAD_CONDITION,COLLISION_TYPE,RELATION_TO_ROAD,INTERSECT_TYPE,TCD_TYPE,URBAN_RURAL,LOCATION_TYPE,SCH_BUS_IND,SCH_ZONE_IND,TOTAL_UNITS,PERSON_COUNT,VEHICLE_COUNT,AUTOMOBILE_COUNT,MOTORCYCLE_COUNT,BUS_COUNT,SMALL_TRUCK_COUNT,HEAVY_TRUCK_COUNT,SUV_COUNT,VAN_COUNT,BICYCLE_COUNT,FATAL_COUNT,INJURY_COUNT,MAJ_INJ_COUNT,MOD_INJ_COUNT,MIN_INJ_COUNT,UNK_INJ_DEG_COUNT,UNK_INJ_PER_COUNT,UNBELTED_OCC_COUNT,UNB_DEATH_COUNT,UNB_MAJ_INJ_COUNT,BELTED_DEATH_COUNT,BELTED_MAJ_INJ_COUNT,MCYCLE_DEATH_COUNT,MCYCLE_MAJ_INJ_COUNT,BICYCLE_DEATH_COUNT,BICYCLE_MAJ_INJ_COUNT,PED_COUNT,PED_DEATH_COUNT,PED_MAJ_INJ_COUNT,COMM_VEH_COUNT,MAX_SEVERITY_LEVEL,DRIVER_COUNT_16YR,DRIVER_COUNT_17YR,DRIVER_COUNT_18YR,DRIVER_COUNT_19YR,DRIVER_COUNT_20YR,DRIVER_COUNT_50_64YR,DRIVER_COUNT_65_74YR,DRIVER_COUNT_75PLUS,LATITUDE,LONGITUDE,DEC_LAT,DEC_LONG,EST_HRS_CLOSED,LANE_CLOSED,LN_CLOSE_DIR,NTFY_HIWY_MAINT,RDWY_SURF_TYPE_CD,SPEC_JURIS_CD,TCD_FUNC_CD,TFC_DETOUR_IND,WORK_ZONE_IND,WORK_ZONE_TYPE,WORK_ZONE_LOC,CONS_ZONE_SPD_LIM,WORKERS_PRES,WZ_CLOSE_DETOUR,WZ_FLAGGER,WZ_LAW_OFFCR_IND,WZ_LN_CLOSURE,WZ_MOVING,WZ_OTHER,WZ_SHLDER_MDN,FLAG_CRN,INTERSTATE,STATE_ROAD,LOCAL_ROAD,LOCAL_ROAD_ONLY,TURNPIKE,WET_ROAD,SNOW_SLUSH_ROAD,ICY_ROAD,SUDDEN_DEER,SHLDR_RELATED,REAR_END,HO_OPPDIR_SDSWP,HIT_FIXED_OBJECT,SV_RUN_OFF_RD,WORK_ZONE,PROPERTY_DAMAGE_ONLY,FATAL_OR_MAJ_INJ,INJURY,FATAL,NON_INTERSECTION,INTERSECTION,SIGNALIZED_INT,STOP_CONTROLLED_INT,UNSIGNALIZED_INT,SCHOOL_BUS,SCHOOL_ZONE,HIT_DEER,HIT_TREE_SHRUB,HIT_EMBANKMENT,HIT_POLE,HIT_GDRAIL,HIT_GDRAIL_END,HIT_BARRIER,HIT_BRIDGE,OVERTURNED,MOTORCYCLE,BICYCLE,HVY_TRUCK_RELATED,VEHICLE_FAILURE,TRAIN_TROLLEY,PHANTOM_VEHICLE,ALCOHOL_RELATED,DRINKING_DRIVER,UNDERAGE_DRNK_DRV,UNLICENSED,CELL_PHONE,NO_CLEARANCE,RUNNING_RED_LT,TAILGATING,CROSS_MEDIAN,CURVE_DVR_ERROR,LIMIT_65MPH,SPEEDING,SPEEDING_RELATED,AGGRESSIVE_DRIVING,FATIGUE_ASLEEP,DRIVER_16YR,DRIVER_17YR,DRIVER_65_74YR,DRIVER_75PLUS,UNBELTED,PEDESTRIAN,DISTRACTED,CURVED_ROAD,DRIVER_18YR,DRIVER_19YR,DRIVER_20YR,DRIVER_50_64YR,VEHICLE_TOWED,FIRE_IN_VEHICLE,HIT_PARKED_VEHICLE,MC_DRINKING_DRIVER,DRUGGED_DRIVER,INJURY_OR_FATAL,COMM_VEHICLE,IMPAIRED_DRIVER,DEER_RELATED,DRUG_RELATED,HAZARDOUS_TRUCK,ILLEGAL_DRUG_RELATED,ILLUMINATION_DARK,MINOR_INJURY,MODERATE_INJURY,MAJOR_INJURY,NHTSA_AGG_DRIVING,PSP_REPORTED,RUNNING_STOP_SIGN,TRAIN,TROLLEY,ROADWAY_CRN,RDWY_SEQ_NUM,ADJ_RDWY_SEQ,ACCESS_CTRL,ROADWAY_COUNTY,LANE_COUNT,RDWY_ORIENT,ROAD_OWNER,ROUTE,SPEED_LIMIT,SEGMENT,OFFSET,STREET_NAME
784,2015030800,12,64,64206,68A01,2015,3,6,1425,14,1,1,1,4,1,2,3,1,0,N,N,2,2,2,2,0,0,0,0,0,0,0,0,1,0,1,0,0,0,0,0,0,0,0,0,0,0,0,0,0,0,0,3,0,0,0,0,0,0,0,0,40 09:29.382,79 34:02.069,40.1582,-79.5672,2,1,4,N,,,3,Y,N,,,,,,,,,,,,2015030800,0,1,1,0,0,1,0,0,0,0,0,0,0,0,0,0,0,1,0,0,1,0,1,1,0,0,0,0,0,0,0,0,0,0,0,0,0,0,0,0,0,0,0,0,0,0,0,0,0,0,0,0,0,0,1,0,0,0,0,0,0,0,0,0,0,0,0,0,1,0,0,0,0,1,0,0,0,0,0,0,0,0,1,0,0,1,0,0,0,2015030800,3,3,3,64,2,E,2,31,55,230,0,RUFFSDALE MT PLEASANT RD
785,2015030962,12,64,64102,64102,2015,3,4,933,9,1,1,0,7,4,0,0,3,0,N,N,1,1,1,0,0,0,0,0,1,0,0,0,0,0,0,0,0,0,0,0,0,0,0,0,0,0,0,0,0,0,0,0,0,0,0,0,0,1,0,0,40 22:21.999,79 41:05.535,40.3728,-79.6849,1,1,4,N,,,0,N,N,,,,,,,,,,,,2015030962,0,1,0,0,0,0,0,0,0,0,0,0,1,1,0,1,0,0,0,1,0,0,0,0,0,0,0,0,0,1,0,0,0,0,0,0,0,0,0,0,0,0,0,0,0,0,0,0,0,0,0,0,0,0,0,0,0,0,0,0,0,0,0,0,0,0,0,1,1,0,0,0,0,0,0,0,0,0,0,0,0,0,0,0,0,0,0,0,0,2015030962,3,3,3,64,2,W,2,130,40,122,1216,SR 0130 HW
786,2015031088,12,64,64433,64433,2015,3,2,1902,19,3,1,0,4,1,2,3,3,0,N,N,3,8,3,0,0,0,0,0,2,1,0,0,1,0,1,0,0,0,0,0,0,0,0,0,0,0,0,0,0,0,0,3,0,0,0,0,0,2,0,0,40 12:41.960,79 46:18.088,40.2117,-79.7717,1,1,3,N,,,3,N,N,,,,,,,,,,,,2015031088,0,1,0,0,0,0,0,0,0,0,0,0,0,0,0,0,0,1,0,0,1,0,1,1,0,0,0,0,0,0,0,0,0,0,0,0,0,0,0,0,0,0,0,0,0,0,0,0,0,0,0,0,0,0,1,0,0,0,0,0,0,0,0,0,0,0,0,1,1,0,0,0,0,1,0,0,0,0,0,0,1,0,1,0,0,0,0,0,0,2015031088,3,3,3,64,2,W,2,136,35,50,1360,MAIN ST
787,2015031092,12,64,64210,64210,2015,3,6,1628,16,1,1,0,7,5,0,0,1,0,N,N,1,1,1,0,0,0,0,0,1,0,0,0,0,0,0,0,0,0,0,0,0,0,0,0,0,0,0,0,0,0,0,0,0,0,0,0,0,0,0,0,40 15:35.912,79 15:56.083,40.26,-79.2656,2,1,3,N,,,0,N,N,,,,,,,,,,,,2015031092,0,1,0,0,0,0,0,0,0,0,0,0,1,1,0,1,0,0,0,1,0,0,0,0,0,0,0,1,0,0,0,0,0,0,0,0,0,0,0,0,0,0,0,0,0,0,0,0,0,0,0,0,0,0,0,0,0,0,0,0,0,0,1,0,0,0,0,0,1,0,0,0,0,0,0,0,0,0,0,0,0,0,0,0,0,0,0,0,0,2015031092,3,3,3,64,2,E,2,30,55,640,383,LINCOLN HW
788,2015031116,12,64,64205,68A01,2015,3,4,2100,21,3,4,3,4,1,2,1,1,0,N,N,2,2,2,1,0,0,0,0,1,0,0,0,0,0,0,0,0,0,0,0,0,0,0,0,0,0,0,0,0,0,0,0,0,0,0,0,0,1,0,0,40 07:08.077,79 22:31.702,40.1189,-79.3755,,0,,N,,,3,,N,,,,,,,,,,,,2015031116,0,1,1,0,0,0,1,0,0,0,0,0,0,0,0,1,0,0,0,0,1,1,0,0,0,0,0,0,0,0,0,0,0,0,0,0,0,0,0,0,0,0,0,0,0,0,0,0,0,0,0,0,0,1,1,0,0,0,0,0,0,0,0,0,0,0,0,1,1,0,0,0,0,0,0,0,0,0,0,0,1,0,0,0,0,1,0,0,0,2015031116,3,3,3,64,2,N,2,711,35,30,0,LIGONIER ST
789,2015031117,12,64,64204,68A01,2015,3,3,1603,16,1,2,1,4,1,0,0,1,0,N,N,2,3,2,2,0,0,0,0,0,0,0,0,0,0,0,0,0,0,0,0,0,0,0,0,0,0,0,0,0,0,0,0,0,0,0,0,0,1,0,0,40 25:59.280,79 16:33.748,40.4331,-79.276,1,1,4,N,,,0,N,N,,,,,,,,,,,,2015031117,0,1,0,0,0,1,0,0,0,0,0,0,0,0,0,1,0,0,0,1,0,0,0,0,0,0,0,0,0,0,0,0,0,0,0,0,0,0,0,0,0,0,0,0,0,0,0,0,0,0,1,0,0,0,0,0,0,0,0,0,0,0,0,1,0,0,0,1,1,0,0,0,0,0,0,0,0,0,0,0,0,0,0,0,0,1,0,0,0,2015031117,3,3,3,64,2,W,2,1016,40,20,772,BAIRDSTOWN RD
790,2015031118,12,64,64204,68A01,2015,3,4,958,9,1,1,0,7,4,0,0,1,0,N,N,1,3,1,1,0,0,0,0,0,0,0,0,0,0,0,0,0,0,0,0,0,0,0,0,0,0,0,0,0,0,0,0,0,0,0,0,0,0,0,0,40 19:10.999,79 20:30.862,40.3197,-79.3419,2,2,7,N,,,0,Y,N,,,,,,,,,,,,2015031118,0,1,0,0,0,0,0,0,0,0,0,0,1,1,0,1,0,0,0,1,0,0,0,0,0,0,0,0,0,1,0,0,0,0,0,0,0,0,0,0,0,0,0,0,0,0,0,0,0,0,0,0,0,0,0,0,0,0,0,0,0,0,0,0,0,0,0,0,1,0,0,0,0,0,0,0,0,0,0,0,0,0,0,0,0,1,0,0,0,2015031118,3,3,3,64,2,S,2,982,35,300,1074,PEANUT RD
791,2015031251,12,64,64302,64302,2015,3,3,2205,22,3,6,1,2,1,0,0,3,0,N,N,2,2,2,0,0,0,0,0,2,0,0,1,0,0,0,0,0,0,0,0,0,1,0,0,0,0,0,0,0,0,0,1,0,0,0,0,0,0,0,1,40 18:09.457,79 31:43.716,40.3026,-79.5288,2,2,6,N,2,0,0,Y,N,,,,,,,,,,,,2015031251,0,1,0,0,0,1,0,0,0,0,0,1,0,0,0,0,1,0,1,1,0,0,0,0,0,0,0,0,0,0,0,0,0,0,0,0,0,0,0,0,0,0,0,0,0,0,0,0,0,0,0,0,0,0,0,0,0,0,0,1,0,0,0,0,0,0,0,0,1,0,0,0,0,1,0,0,0,0,0,0,1,0,0,0,0,0,0,0,0,2015031251,3,3,3,64,2,E,2,130,35,332,3025,PITTSBURGH ST
792,2015031261,12,64,64101,64101,2015,3,4,1923,19,1,1,0,2,1,0,0,3,0,N,N,2,2,2,1,0,0,1,0,0,0,0,0,2,0,0,2,0,0,0,0,0,0,0,0,0,0,0,0,0,0,0,4,0,0,0,0,0,1,0,0,40 18:32.810,79 43:42.620,40.3091,-79.7285,2,2,5,N,,,0,Y,N,,,,,,,,,,,,2015031261,0,0,1,1,0,0,0,0,0,0,0,1,0,0,0,0,0,1,0,1,0,0,0,0,0,0,0,0,0,0,0,0,0,0,0,0,0,0,0,0,0,1,1,0,0,0,0,0,0,0,1,0,0,0,0,0,0,0,0,0,0,0,0,1,0,0,0,1,1,0,0,0,0,1,0,1,0,0,0,0,0,1,0,0,0,0,0,0,0,2015031261,3,3,,64,2,N,4,,35,,,CLAY PIKE RD
793,2015031281,12,64,64219,64219,2015,3,7,619,6,1,1,0,6,1,0,0,1,0,N,N,2,4,2,0,0,0,1,0,1,0,0,0,0,0,0,0,0,0,0,0,0,0,0,0,0,0,0,0,0,0,0,0,0,0,0,1,0,1,0,0,40 28:41.524,79 35:32.061,40.4782,-79.5922,2,1,1,N,,,0,N,N,,,,,,,,,,,,2015031281,0,1,0,0,0,0,0,0,0,0,0,1,0,0,0,1,0,0,0,1,0,0,0,0,0,0,0,0,0,0,0,0,0,0,0,0,0,0,0,0,0,0,0,0,0,0,0,0,0,0,0,0,0,0,0,0,0,0,0,0,0,0,1,0,0,1,0,1,1,0,0,0,0,0,0,0,0,0,0,0,0,0,0,0,0,0,0,0,0,2015031281,3,3,3,64,2,N,2,66,55,260,3063,FREEPORT RD
794,2015031298,12,64,64209,68A01,2015,1,5,1900,19,2,2,1,4,1,0,0,3,0,N,N,2,3,2,0,0,0,1,0,1,0,0,0,3,0,3,0,0,0,3,0,0,0,0,0,0,0,0,0,0,0,0,3,0,0,0,0,0,1,1,0,40 16:51.007,79 39:53.171,40.2808,-79.6648,3,1,4,N,,,0,N,N,,,,,,,,,,,,2015031298,0,1,0,0,0,1,0,0,0,0,0,0,0,0,0,0,0,1,0,1,0,0,0,0,0,0,0,1,0,0,0,0,0,0,0,0,0,0,0,0,0,1,1,0,0,0,0,0,0,0,0,0,0,1,1,0,0,0,1,0,1,0,0,0,0,0,0,1,1,0,0,0,0,1,0,1,0,0,0,0,1,0,1,0,0,1,0,0,0,2015031298,3,3,3,64,2,W,2,3071,35,120,2306,ARONA RD
795,2015031299,12,64,64206,68A01,2015,3,6,37,0,2,1,5,1,1,0,0,1,0,N,N,2,2,2,0,0,0,1,0,1,0,0,0,1,0,0,1,0,0,0,0,0,0,0,0,0,0,0,0,0,0,0,4,0,0,0,0,0,1,0,0,40 09:16.258,79 33:15.472,40.1545,-79.5543,2,1,3,Y,,,0,Y,N,,,,,,,,,,,,2015031299,0,1,0,0,0,0,0,1,0,0,1,0,0,0,0,0,0,1,0,1,0,0,0,0,0,0,0,0,0,0,0,0,0,0,0,0,0,0,1,0,0,0,0,0,0,0,0,0,0,0,0,0,0,1,1,0,0,0,0,0,0,0,0,1,0,0,0,1,1,0,0,0,0,1,0,0,0,0,0,0,1,1,0,0,0,1,0,0,0,2015031299,3,3,3,64,2,E,2,31,55,240,424,MOUNT PLEASANT RD
796,2015031300,12,64,64209,68A01,2015,3,6,755,7,1,1,0,4,1,1,2,3,0,N,N,2,4,2,1,0,0,1,0,0,0,0,0,2,0,0,0,2,1,0,0,0,0,0,0,0,0,0,0,0,0,0,8,0,0,0,0,0,0,0,0,40 18:08.796,79 29:51.735,40.3023,-79.4977,,0,,N,,,3,,N,,,,,,,,,,,,2015031300,0,1,1,0,0,0,0,0,0,0,0,0,0,0,0,0,0,1,0,0,1,1,0,0,0,0,0,0,0,0,0,0,0,0,0,0,0,0,0,0,0,0,0,0,0,0,0,1,0,0,0,0,0,0,1,0,0,0,0,0,0,0,0,0,0,0,0,0,1,0,0,0,0,1,0,0,0,0,0,0,0,0,0,0,0,1,0,0,0,2015031300,3,3,3,64,2,E,2,30,40,370,0,LINCOLN HW
797,2015031396,12,64,64101,64101,2015,3,5,705,7,5,1,0,1,1,0,0,3,0,N,N,2,3,2,1,0,0,1,0,0,0,0,0,1,0,0,1,0,0,0,0,0,0,0,0,0,0,0,0,0,0,0,4,0,0,0,0,1,1,0,0,40 21:29.426,79 44:17.277,40.3582,-79.7381,2,1,3,N,,,0,Y,N,,,,,,,,,,,,2015031396,0,1,0,0,0,0,0,0,0,0,1,0,0,0,0,0,0,1,0,1,0,0,0,0,0,0,0,0,0,0,0,0,0,0,0,0,0,0,1,0,0,0,0,0,0,0,0,0,0,0,0,0,0,1,1,0,0,0,0,0,0,0,0,0,0,0,1,1,1,0,0,0,0,1,0,0,0,0,0,0,0,1,0,0,0,0,0,0,0,2015031396,3,3,3,64,2,E,2,993,45,60,500,IRWIN TRAFFORD RD
798,2015031431,12,64,64102,64102,2015,3,5,825,8,1,1,6,7,2,3,0,3,0,N,N,1,1,1,1,0,0,0,0,0,0,0,0,0,0,0,0,0,0,0,0,0,0,0,0,0,0,0,0,0,0,0,0,0,0,0,0,0,0,0,0,40 22:33.861,79 38:59.645,40.3761,-79.6499,1,1,1,N,,,0,N,N,,,,,,,,,,,,2015031431,0,1,1,0,0,0,0,1,0,0,0,0,1,1,0,1,0,0,0,0,1,0,0,1,0,0,0,0,0,0,0,1,0,0,0,0,0,0,0,0,0,0,0,0,0,0,0,0,0,0,0,0,0,0,0,0,0,0,0,0,0,0,0,1,0,0,0,0,1,0,0,0,0,0,0,0,0,0,0,0,0,0,0,0,0,0,0,0,0,2015031431,3,3,3,64,2,E,2,4045,25,52,0,HYLAND RD
799,2015031472,12,64,64437,64437,2015,3,5,848,8,1,1,6,7,4,0,0,3,0,N,N,1,1,1,0,0,0,1,0,0,0,0,0,0,0,0,0,0,0,0,0,0,0,0,0,0,0,0,0,0,0,0,0,0,1,0,0,0,0,0,0,40 24:15.766,79 39:19.748,40.4044,-79.6555,2,2,5,N,,,0,N,N,,,,,,,,,,,,2015031472,0,1,0,0,0,0,0,1,0,0,0,0,1,1,0,1,0,0,0,1,0,0,0,0,0,0,0,0,1,0,0,0,0,0,1,0,0,0,0,0,0,0,0,0,0,0,0,0,0,0,0,0,0,1,1,0,0,1,0,0,0,0,0,0,0,0,0,0,1,0,0,0,0,0,0,0,0,0,0,0,0,0,0,0,0,0,0,0,0,2015031472,3,3,3,64,2,N,2,4041,35,70,2080,SCHOOL RD SOUTH RD
800,2015031543,12,64,64206,68A01,2015,3,4,837,8,1,2,1,7,4,0,0,1,0,N,N,1,1,1,0,0,0,0,0,1,0,0,1,0,0,0,0,0,0,1,1,0,0,0,0,0,0,0,0,0,0,0,1,0,0,0,0,0,0,0,0,40 08:20.126,79 32:50.917,40.1383,-79.5476,3,2,5,N,2,0,0,Y,N,,,,,,,,,,,,2015031543,0,1,0,0,0,1,0,0,0,0,0,0,1,1,0,0,1,0,1,1,0,0,0,0,0,0,0,1,0,0,0,0,0,0,0,0,0,0,0,0,0,0,0,0,0,0,0,0,0,0,0,0,0,1,1,0,0,0,0,0,1,0,0,0,0,0,0,0,1,0,0,0,0,1,0,0,0,0,0,0,0,0,0,0,0,1,0,0,0,2015031543,3,3,3,64,2,N,2,819,30,110,1700,MT PLEASANT SCOTTDALE RD
801,2015031626,12,64,64101,64101,2015,3,5,1913,19,1,1,0,4,1,1,2,3,0,N,N,2,3,2,1,0,0,0,0,1,0,0,0,1,0,0,1,0,0,0,0,0,0,0,0,0,0,0,0,0,0,0,4,0,0,0,0,0,0,0,0,40 18:49.390,79 40:17.051,40.3137,-79.6714,2,1,6,N,,,3,Y,N,,,,,,,,,,,,2015031626,0,1,1,0,0,0,0,0,0,0,0,0,0,0,0,0,0,1,0,0,1,1,0,0,0,0,0,0,0,0,0,0,0,0,0,0,0,0,0,0,0,0,0,0,0,0,0,1,0,0,0,0,0,1,1,0,0,0,0,0,0,0,0,0,0,0,0,0,1,0,0,0,0,1,0,0,0,0,0,0,0,1,0,0,1,0,0,0,0,2015031626,3,3,3,64,2,E,2,30,40,150,2035,LINCOLN HW
802,2015031649,12,64,64201,64201,2015,3,5,204,2,2,1,6,7,2,0,0,1,0,N,N,1,1,1,0,0,0,0,0,1,0,0,0,0,0,0,0,0,0,0,0,0,0,0,0,0,0,0,0,0,0,0,0,0,0,0,0,0,0,0,0,40 37:58.505,79 39:06.203,40.6329,-79.6517,2,1,1,N,,,0,N,N,,,,,,,,,,,,2015031649,0,1,0,0,0,0,0,1,0,0,0,0,1,1,0,1,0,0,0,1,0,0,0,0,0,0,0,0,1,0,0,0,0,0,1,0,0,0,0,0,0,0,0,0,0,0,0,0,0,0,0,0,0,0,0,0,0,0,0,0,0,0,0,1,0,0,0,0,1,0,0,0,0,0,0,0,0,0,0,0,1,0,0,0,0,0,0,0,0,2015031649,3,3,3,64,2,S,2,356,45,152,2127,GARVERS FERRY RD
803,2015031672,12,64,64201,64201,2015,3,6,115,1,2,1,5,7,2,0,0,1,0,N,N,1,1,1,1,0,0,0,0,0,0,0,0,1,0,0,1,0,0,0,0,0,0,0,0,0,0,0,0,0,0,0,4,0,0,0,0,0,0,0,0,40 35:19.882,79 35:56.177,40.5889,-79.5989,3,1,2,N,,,0,Y,N,,,,,,,,,,,,2015031672,0,1,0,0,0,0,0,1,0,0,0,0,1,1,0,0,0,1,0,1,0,0,0,0,0,0,0,0,0,1,0,0,0,0,0,0,0,0,0,0,0,0,0,0,0,0,0,0,0,0,0,0,0,0,0,0,0,0,0,0,0,0,0,0,0,0,0,0,1,0,0,0,0,1,0,0,0,0,0,0,1,1,0,0,0,0,0,0,0,2015031672,3,3,3,64,2,S,2,356,45,62,1562,SR 0356 HW
804,2015031682,12,64,64218,2466,2015,3,6,300,3,2,1,6,7,2,0,0,1,0,N,N,1,1,1,0,0,0,0,0,1,0,0,0,1,0,0,0,1,0,1,0,0,0,0,0,0,0,0,0,0,0,0,8,0,0,0,0,0,0,0,0,40 31:56.165,79 42:48.183,40.5323,-79.7134,1,2,5,N,,,0,N,N,,,,,,,,,,,,2015031682,0,1,0,0,0,0,0,1,0,0,0,0,1,1,0,0,0,1,0,1,0,0,0,0,0,0,0,0,1,1,0,0,0,0,1,0,0,0,0,0,0,0,0,0,0,0,0,0,0,0,0,0,0,1,1,0,0,0,0,0,1,0,0,1,0,0,0,0,1,0,0,0,0,1,0,0,0,0,0,0,1,0,0,0,0,0,0,0,0,2015031682,3,3,3,64,2,S,2,366,35,122,581,GREENSBURG RD
805,2015031696,12,64,64217,68A01,2015,3,4,638,6,1,2,1,1,1,0,2,1,0,N,N,2,2,2,1,0,0,0,0,1,0,0,0,2,0,0,2,0,0,0,0,0,0,0,0,0,0,0,0,0,0,0,4,0,0,0,0,0,1,0,0,40 17:24.974,79 27:47.454,40.2903,-79.4632,2,1,4,N,,,3,Y,N,,,,,,,,,,,,2015031696,0,1,0,0,0,1,0,0,0,0,1,0,0,0,0,0,0,1,0,1,0,0,0,0,0,0,0,0,0,0,0,0,0,0,0,0,0,0,0,0,0,1,1,0,0,0,0,0,0,0,0,0,0,0,0,0,0,0,0,0,0,0,0,0,0,0,0,1,1,0,0,0,0,1,0,1,0,0,0,0,0,1,0,0,0,1,0,0,0,2015031696,3,3,3,64,2,W,2,30,50,411,270,LINCOLN HW
806,2015031697,12,64,64103,68B02,2015,3,4,2331,23,3,1,0,7,4,0,0,1,0,N,N,1,1,1,0,0,0,0,1,0,0,0,0,0,0,0,0,0,0,0,0,0,0,0,0,0,0,0,0,0,0,1,0,0,0,0,0,0,0,0,0,40 08:28.509,79 49:21.549,40.1413,-79.8227,3,2,4,Y,,,0,Y,N,,,,,,,,,,,,2015031697,1,1,0,0,0,0,0,0,0,0,0,0,1,1,0,1,0,0,0,1,0,0,0,0,0,0,0,0,0,0,0,0,1,0,0,0,0,1,0,0,0,0,0,0,0,0,0,0,0,0,0,0,0,1,1,0,0,0,0,0,0,0,0,0,0,0,0,0,1,0,0,0,0,0,1,0,0,0,0,0,1,0,0,0,0,1,0,0,0,2015031697,3,3,1,64,2,W,1,70,55,435,1394,SR 0070 SH
807,2015031748,12,64,64412,64412,2015,3,5,1338,13,1,1,0,4,4,0,0,2,0,N,N,2,1,2,1,0,0,0,0,0,0,0,0,1,0,0,1,0,0,0,0,0,0,0,0,0,0,0,0,0,0,0,4,0,0,0,0,0,0,0,1,40 19:17.242,79 23:41.818,40.3215,-79.3949,1,2,6,N,,,0,Y,N,,,,,,,,,,,,2015031748,0,0,1,1,0,0,0,0,0,0,0,0,0,1,0,0,0,1,0,1,0,0,0,0,0,0,0,1,0,0,0,0,0,0,0,0,0,0,0,0,0,0,0,0,0,0,0,0,0,0,0,0,0,0,0,0,0,0,0,1,0,0,0,0,0,0,0,0,1,0,1,0,0,1,0,0,0,0,0,0,0,1,0,0,0,0,0,0,0,2015031748,3,3,,64,2,W,4,,25,,,2ND AV
808,2015031763,12,64,64101,64101,2015,3,6,811,8,1,1,0,4,1,0,0,3,0,N,N,2,3,2,0,0,0,0,0,2,0,0,0,1,0,1,0,0,0,0,0,0,0,0,0,0,0,0,0,0,0,0,3,0,0,0,0,0,1,0,0,40 19:51.977,79 44:26.721,40.3311,-79.7408,1,2,5,N,,,0,N,N,,,,,,,,,,,,2015031763,0,1,0,0,0,0,0,0,0,0,0,0,0,0,0,0,0,1,0,1,0,0,0,0,0,0,0,0,0,0,0,0,0,0,0,0,0,0,0,0,0,0,0,0,0,0,0,0,0,0,0,0,0,0,1,0,0,0,0,0,0,0,0,0,0,0,0,1,0,0,0,0,0,1,0,0,0,0,0,0,0,0,1,0,1,0,0,0,0,2015031763,3,3,3,64,2,N,2,3022,35,50,1681,LINCOLN WY
809,2015031828,12,64,64101,64101,2015,3,6,1114,11,1,1,0,7,2,0,0,3,0,N,N,1,1,1,1,0,0,0,0,0,0,0,0,0,0,0,0,0,0,0,0,0,0,0,0,0,0,0,0,0,0,0,0,0,0,0,0,0,0,0,0,40 19:02.763,79 41:02.877,40.3174,-79.6841,2,1,4,N,,,0,N,N,,,,,,,,,,,,2015031828,0,1,0,0,0,0,0,0,0,0,0,0,1,1,0,1,0,0,0,1,0,0,0,0,0,0,0,0,0,0,0,0,0,0,0,0,0,0,1,0,0,0,0,0,0,0,0,0,0,0,0,0,0,0,0,0,0,0,0,0,0,0,0,0,0,0,0,0,1,0,0,0,0,0,0,0,0,0,0,0,0,0,0,0,0,0,0,0,0,2015031828,3,3,3,64,2,W,2,30,40,131,1110,LINCOLN HW
810,2015031862,12,64,64103,64103,2015,3,6,1450,14,1,1,0,7,4,0,0,1,0,N,N,1,1,1,0,0,0,1,0,0,0,0,0,1,0,0,0,1,0,0,0,0,0,0,0,0,0,0,0,0,0,0,8,0,0,0,0,0,0,0,0,40 11:40.252,79 49:46.210,40.1945,-79.8295,2,2,5,N,,,0,N,N,,,,,,,,,,,,2015031862,0,1,0,0,0,0,0,0,0,0,0,0,1,1,0,0,0,1,0,1,0,0,0,0,0,0,0,1,0,0,0,0,0,0,0,0,0,0,0,0,0,0,0,0,0,0,0,0,0,0,0,0,0,0,0,0,0,0,0,0,0,0,0,0,0,0,0,0,1,0,0,0,0,1,0,0,0,0,0,0,0,0,0,0,0,0,0,0,0,2015031862,3,3,3,64,2,S,2,3109,35,40,1717,FELLS CHURCH RD
811,2015031889,12,64,64209,68A01,2015,3,4,2115,21,2,1,1,7,4,0,0,3,0,N,N,1,1,1,1,0,0,0,0,0,0,0,0,1,0,1,0,0,0,1,0,0,0,0,0,0,0,0,0,0,0,0,3,0,0,0,1,0,0,0,0,40 19:01.703,79 39:28.172,40.3171,-79.6578,1,2,5,N,,,0,Y,N,,,,,,,,,,,,2015031889,0,1,0,0,0,1,0,0,0,0,0,0,1,1,0,0,0,1,0,1,0,0,0,0,0,0,0,0,0,0,0,0,0,0,0,0,0,0,0,0,0,0,0,0,0,0,0,0,0,0,0,0,0,1,1,0,0,0,0,0,1,0,0,0,0,1,0,0,1,0,0,0,0,1,0,0,0,0,0,0,1,0,1,0,0,1,0,0,0,2015031889,3,3,3,64,2,N,2,4015,40,10,1612,BRUSH CREEK RD
812,2015031963,12,64,64302,64302,2015,3,7,36,0,3,2,1,7,5,0,0,3,0,N,N,1,1,1,1,0,0,0,0,0,0,0,0,1,0,0,0,1,0,1,0,0,0,0,0,0,0,0,0,0,0,0,8,0,0,0,0,0,0,0,0,40 18:30.083,79 33:00.740,40.3084,-79.5502,,0,,N,,,0,,N,,,,,,,,,,,,2015031963,0,1,0,0,0,1,0,0,0,0,0,0,1,1,0,0,0,1,0,1,0,0,0,0,0,0,0,0,0,1,0,0,0,0,0,0,0,0,0,0,0,1,1,0,0,0,0,0,0,0,0,0,0,0,0,0,0,0,0,0,1,0,0,0,0,0,0,0,1,0,0,0,0,1,0,1,0,0,0,0,1,0,0,0,0,0,0,0,0,2015031963,3,3,3,64,2,N,2,4001,35,10,1545,COLLEGE AV