_id,CRASH_CRN,DISTRICT,CRASH_COUNTY,MUNICIPALITY,POLICE_AGCY,CRASH_YEAR,CRASH_MONTH,DAY_OF_WEEK,TIME_OF_DAY,HOUR_OF_DAY,ILLUMINATION,WEATHER,ROAD_CONDITION,COLLISION_TYPE,RELATION_TO_ROAD,INTERSECT_TYPE,TCD_TYPE,URBAN_RURAL,LOCATION_TYPE,SCH_BUS_IND,SCH_ZONE_IND,TOTAL_UNITS,PERSON_COUNT,VEHICLE_COUNT,AUTOMOBILE_COUNT,MOTORCYCLE_COUNT,BUS_COUNT,SMALL_TRUCK_COUNT,HEAVY_TRUCK_COUNT,SUV_COUNT,VAN_COUNT,BICYCLE_COUNT,FATAL_COUNT,INJURY_COUNT,MAJ_INJ_COUNT,MOD_INJ_COUNT,MIN_INJ_COUNT,UNK_INJ_DEG_COUNT,UNK_INJ_PER_COUNT,UNBELTED_OCC_COUNT,UNB_DEATH_COUNT,UNB_MAJ_INJ_COUNT,BELTED_DEATH_COUNT,BELTED_MAJ_INJ_COUNT,MCYCLE_DEATH_COUNT,MCYCLE_MAJ_INJ_COUNT,BICYCLE_DEATH_COUNT,BICYCLE_MAJ_INJ_COUNT,PED_COUNT,PED_DEATH_COUNT,PED_MAJ_INJ_COUNT,COMM_VEH_COUNT,MAX_SEVERITY_LEVEL,DRIVER_COUNT_16YR,DRIVER_COUNT_17YR,DRIVER_COUNT_18YR,DRIVER_COUNT_19YR,DRIVER_COUNT_20YR,DRIVER_COUNT_50_64YR,DRIVER_COUNT_65_74YR,DRIVER_COUNT_75PLUS,LATITUDE,LONGITUDE,DEC_LAT,DEC_LONG,EST_HRS_CLOSED,LANE_CLOSED,LN_CLOSE_DIR,NTFY_HIWY_MAINT,RDWY_SURF_TYPE_CD,SPEC_JURIS_CD,TCD_FUNC_CD,TFC_DETOUR_IND,WORK_ZONE_IND,WORK_ZONE_TYPE,WORK_ZONE_LOC,CONS_ZONE_SPD_LIM,WORKERS_PRES,WZ_CLOSE_DETOUR,WZ_FLAGGER,WZ_LAW_OFFCR_IND,WZ_LN_CLOSURE,WZ_MOVING,WZ_OTHER,WZ_SHLDER_MDN,FLAG_CRN,INTERSTATE,STATE_ROAD,LOCAL_ROAD,LOCAL_ROAD_ONLY,TURNPIKE,WET_ROAD,SNOW_SLUSH_ROAD,ICY_ROAD,SUDDEN_DEER,SHLDR_RELATED,REAR_END,HO_OPPDIR_SDSWP,HIT_FIXED_OBJECT,SV_RUN_OFF_RD,WORK_ZONE,PROPERTY_DAMAGE_ONLY,FATAL_OR_MAJ_INJ,INJURY,FATAL,NON_INTERSECTION,INTERSECTION,SIGNALIZED_INT,STOP_CONTROLLED_INT,UNSIGNALIZED_INT,SCHOOL_BUS,SCHOOL_ZONE,HIT_DEER,HIT_TREE_SHRUB,HIT_EMBANKMENT,HIT_POLE,HIT_GDRAIL,HIT_GDRAIL_END,HIT_BARRIER,HIT_BRIDGE,OVERTURNED,MOTORCYCLE,BICYCLE,HVY_TRUCK_RELATED,VEHICLE_FAILURE,TRAIN_TROLLEY,PHANTOM_VEHICLE,ALCOHOL_RELATED,DRINKING_DRIVER,UNDERAGE_DRNK_DRV,UNLICENSED,CELL_PHONE,NO_CLEARANCE,RUNNING_RED_LT,TAILGATING,CROSS_MEDIAN,CURVE_DVR_ERROR,LIMIT_65MPH,SPEEDING,SPEEDING_RELATED,AGGRESSIVE_DRIVING,FATIGUE_ASLEEP,DRIVER_16YR,DRIVER_17YR,DRIVER_65_74YR,DRIVER_75PLUS,UNBELTED,PEDESTRIAN,DISTRACTED,CURVED_ROAD,DRIVER_18YR,DRIVER_19YR,DRIVER_20YR,DRIVER_50_64YR,VEHICLE_TOWED,FIRE_IN_VEHICLE,HIT_PARKED_VEHICLE,MC_DRINKING_DRIVER,DRUGGED_DRIVER,INJURY_OR_FATAL,COMM_VEHICLE,IMPAIRED_DRIVER,DEER_RELATED,DRUG_RELATED,HAZARDOUS_TRUCK,ILLEGAL_DRUG_RELATED,ILLUMINATION_DARK,MINOR_INJURY,MODERATE_INJURY,MAJOR_INJURY,NHTSA_AGG_DRIVING,PSP_REPORTED,RUNNING_STOP_SIGN,TRAIN,TROLLEY,ROADWAY_CRN,RDWY_SEQ_NUM,ADJ_RDWY_SEQ,ACCESS_CTRL,ROADWAY_COUNTY,LANE_COUNT,RDWY_ORIENT,ROAD_OWNER,ROUTE,SPEED_LIMIT,SEGMENT,OFFSET,STREET_NAME
1132,2015047006,12,64,64210,64210,2015,4,5,530,5,2,9,5,7,4,0,0,1,0,N,N,1,1,1,1,0,0,0,0,0,0,0,0,0,0,0,0,0,0,0,0,0,0,0,0,0,0,0,0,0,0,0,0,0,0,0,0,0,0,0,0,40 11:00.980,79 08:32.134,40.1836,-79.1423,,0,,N,,,0,,N,,,,,,,,,,,,2015047006,0,1,0,0,0,0,0,1,0,0,0,0,1,1,0,1,0,0,0,1,0,0,0,0,0,0,0,1,1,0,0,0,0,0,0,0,0,0,0,0,0,0,0,0,0,0,0,0,0,0,0,0,0,0,0,0,0,0,0,0,0,0,0,0,0,0,0,0,1,0,0,0,0,0,0,0,0,0,0,0,1,0,0,0,0,0,0,0,0,2015047006,3,3,3,64,2,E,2,30,45,820,528,LINCOLN HW
1133,2015047015,12,64,64201,64201,2015,4,5,1649,16,1,1,0,1,1,0,0,1,0,N,N,2,3,2,2,0,0,0,0,0,0,0,0,0,0,0,0,0,0,0,0,0,0,0,0,0,0,0,0,0,0,0,0,0,0,1,0,0,0,0,0,40 38:15.979,79 39:18.567,40.6378,-79.6552,,0,,N,,,0,,N,,,,,,,,,,,,2015047015,0,1,0,0,0,0,0,0,0,0,1,0,0,0,0,1,0,0,0,1,0,0,0,0,0,0,0,0,0,0,0,0,0,0,0,0,0,0,0,0,0,0,0,0,0,0,0,0,0,0,0,0,0,0,0,0,0,0,0,0,0,0,0,1,1,0,0,0,1,0,0,0,0,0,0,0,0,0,0,0,0,0,0,0,0,0,0,0,0,2015047015,3,3,3,64,2,N,2,356,45,162,1700,GARVERS FERRY RD
1134,2015047031,12,64,64218,64218,2015,4,4,2259,22,2,1,0,9,1,0,0,1,0,N,N,1,1,1,1,0,0,0,0,0,0,0,0,1,0,0,1,0,0,0,0,0,0,0,0,0,0,0,0,0,0,0,4,0,1,0,0,0,0,0,0,40 33:03.548,79 39:39.923,40.551,-79.6611,1,1,6,N,,,0,Y,N,,,,,,,,,,,,2015047031,0,1,0,0,0,0,0,0,1,0,0,0,0,0,0,0,0,1,0,1,0,0,0,0,0,0,1,0,0,0,0,0,0,0,0,0,0,0,0,0,0,0,0,0,0,0,0,0,0,0,0,0,0,0,0,0,0,1,0,0,0,0,0,0,0,0,0,0,1,0,0,0,0,1,0,0,1,0,0,0,1,1,0,0,0,0,0,0,0,2015047031,3,3,3,64,2,E,2,780,45,110,1055,SEVENTH ST
1135,2015047048,12,64,64436,68A01,2015,4,2,1500,15,1,1,0,1,1,2,0,3,0,N,N,2,2,2,2,0,0,0,0,0,0,0,0,1,0,0,1,0,0,0,0,0,0,0,0,0,0,0,0,0,0,0,4,0,0,1,0,0,1,0,0,40 12:50.942,79 36:21.308,40.2142,-79.6059,,0,,N,,,0,,N,,,,,,,,,,,,2015047048,0,1,1,0,0,0,0,0,0,0,1,0,0,0,0,0,0,1,0,0,1,0,0,1,0,0,0,0,0,0,0,0,0,0,0,0,0,0,0,0,0,0,0,0,0,0,0,0,0,0,0,0,0,0,0,0,0,0,0,0,0,0,0,0,1,0,0,1,1,0,0,0,0,1,0,0,0,0,0,0,0,1,0,0,0,1,0,0,0,2015047048,3,3,3,64,2,S,2,3093,40,100,1790,CENTER AV
1136,2015047144,12,64,64431,64431,2015,4,2,1501,15,1,1,0,8,6,0,0,2,7,N,N,2,2,1,1,0,0,0,0,0,0,0,0,1,0,1,0,0,0,1,0,0,0,0,0,0,0,0,1,0,0,0,3,0,0,0,0,0,0,0,1,40 35:51.000,79 34:23.000,40.5975,-79.5731,,0,,N,,,0,,N,,,,,,,,,,,,2015047144,0,0,1,1,0,0,0,0,0,0,0,0,0,0,0,0,0,1,0,1,0,0,0,0,0,0,0,0,0,0,0,0,0,0,0,0,0,0,0,0,0,0,0,0,0,0,0,0,0,0,0,0,0,0,0,0,0,0,0,1,1,1,0,0,0,0,0,0,0,0,0,0,0,1,0,0,0,0,0,0,0,0,1,0,0,0,0,0,0,2015047144,3,3,,64,1,S,4,,25,,,HAWTHORNE ST
1137,2015047155,12,64,64101,64101,2015,4,4,1221,12,1,1,0,7,2,1,3,3,0,N,N,2,1,2,1,0,0,0,0,0,0,0,0,1,0,0,0,1,0,0,0,0,0,0,0,0,0,0,0,0,0,0,8,0,0,0,0,0,0,0,1,40 18:29.463,79 42:34.918,40.3082,-79.7097,,0,,N,,,3,,N,,,,,,,,,,,,2015047155,0,1,0,0,0,0,0,0,0,0,0,0,1,1,0,0,0,1,0,0,1,0,1,1,0,0,0,0,0,0,0,0,0,0,0,0,0,0,0,0,0,0,0,0,0,0,0,0,0,0,0,0,0,0,0,0,0,0,0,1,0,0,0,1,0,0,0,0,1,0,1,0,0,1,0,0,0,0,0,0,0,0,0,0,0,0,0,0,0,2015047155,3,3,3,64,2,E,2,3020,35,20,2070,BARNES LAKE RD
1138,2015047196,12,64,64411,64411,2015,4,5,1214,12,1,2,1,7,2,0,0,3,0,N,N,2,3,2,0,0,0,2,0,0,0,0,0,0,0,0,0,0,0,0,0,0,0,0,0,0,0,0,0,0,0,0,0,0,0,0,0,0,0,1,1,40 20:18.299,79 42:23.915,40.3384,-79.7066,1,1,2,N,,,0,N,N,,,,,,,,,,,,2015047196,0,1,0,0,0,1,0,0,0,0,0,0,1,1,0,1,0,0,0,1,0,0,0,0,0,0,0,0,0,0,0,0,0,0,0,0,0,0,0,0,0,0,0,0,0,0,0,0,0,0,0,0,0,1,1,0,0,0,1,1,0,0,0,1,0,0,0,0,1,0,0,0,0,0,0,0,0,0,0,0,0,0,0,0,0,0,0,0,0,2015047196,3,3,3,64,2,N,2,4027,40,20,1421,PAINTERTOWN RD
1139,2015047215,12,64,64101,64101,2015,4,5,1338,13,1,1,0,1,1,10,4,3,0,N,N,2,3,2,2,0,0,0,0,0,0,0,0,2,0,0,2,0,0,0,0,0,0,0,0,0,0,0,0,0,0,0,4,0,0,0,0,0,0,1,0,40 19:08.010,79 41:16.382,40.319,-79.6882,,0,,N,,,3,,N,,,,,,,,,,,,2015047215,0,1,1,0,0,0,0,0,0,0,1,0,0,0,0,0,0,1,0,0,1,0,0,1,0,0,0,0,0,0,0,0,0,0,0,0,0,0,0,0,0,0,0,0,0,0,0,0,0,0,0,0,0,0,1,0,0,0,1,0,0,0,0,1,0,0,0,0,0,0,0,0,0,1,0,0,0,0,0,0,0,1,0,0,0,0,0,0,0,2015047215,3,3,3,64,2,W,2,30,40,121,2635,LINCOLN HW
1140,2015047221,12,64,64431,64431,2015,4,5,1523,15,1,2,1,8,1,0,0,2,0,N,Y,2,2,1,1,0,0,0,0,0,0,0,0,1,0,1,0,0,0,0,0,0,0,0,0,0,0,0,1,0,0,0,3,0,0,0,0,0,0,0,0,40 35:55.435,79 33:56.570,40.5987,-79.5657,,0,,N,,,0,,N,,,,,,,,,,,,2015047221,0,0,1,1,0,1,0,0,0,0,0,0,0,0,0,0,0,1,0,1,0,0,0,0,0,1,0,0,0,0,0,0,0,0,0,0,0,0,0,0,0,0,0,0,0,0,0,0,0,0,0,0,0,0,0,0,0,0,0,0,0,1,0,0,0,0,0,0,0,0,0,0,0,1,0,0,0,0,0,0,0,0,1,0,0,0,0,0,0,2015047221,3,3,,64,2,S,4,,15,,,FRANKLIN AV
1141,2015047271,12,64,64217,68A01,2015,4,1,333,3,2,1,0,7,4,0,0,1,0,N,N,1,1,1,1,0,0,0,0,0,0,0,0,0,0,0,0,0,0,0,0,0,0,0,0,0,0,0,0,0,0,0,0,0,0,0,0,0,0,0,0,40 19:19.808,79 24:38.120,40.3222,-79.4106,,0,,N,,,0,,N,,,,,,,,,,,,2015047271,0,1,0,0,0,0,0,0,0,0,0,0,1,1,0,1,0,0,0,1,0,0,0,0,0,0,0,1,0,0,0,0,0,0,0,0,0,0,0,0,0,0,0,0,0,0,0,0,0,0,0,0,0,0,0,0,0,0,0,0,0,0,1,0,0,0,0,0,1,0,0,0,0,0,0,0,0,0,0,0,1,0,0,0,0,1,0,0,0,2015047271,3,3,3,64,2,W,2,1026,45,110,2409,DONOHOE RD
1142,2015047330,12,64,64103,64103,2015,4,5,2040,20,2,2,1,7,2,0,0,1,0,N,N,1,1,1,0,0,0,0,0,1,0,0,0,0,0,0,0,0,0,0,0,0,0,0,0,0,0,0,0,0,0,0,0,0,0,0,0,0,0,0,0,40 11:21.495,79 51:03.765,40.1893,-79.851,,0,,Y,,,0,,N,,,,,,,,,,,,2015047330,0,1,0,0,0,1,0,0,0,0,0,0,1,1,0,1,0,0,0,1,0,0,0,0,0,0,0,0,0,0,1,0,0,0,0,0,0,0,0,0,0,0,0,0,0,0,0,0,0,0,0,0,0,0,0,0,0,0,0,0,0,0,0,0,0,0,0,0,1,0,0,0,0,0,0,0,0,0,0,0,1,0,0,0,0,0,0,0,0,2015047330,3,3,3,64,2,S,2,906,35,161,1920,WEBSTER RD
1143,2015047354,12,64,64103,64103,2015,5,6,35,0,2,2,1,7,5,0,0,1,0,N,N,1,1,1,0,0,0,0,0,1,0,0,0,0,0,0,0,0,0,1,0,0,0,0,0,0,0,0,0,0,0,0,0,0,0,0,0,0,0,0,0,40 11:06.367,79 49:58.360,40.1851,-79.8329,2,1,2,N,,,0,N,N,,,,,,,,,,,,2015047354,0,1,0,0,0,1,0,0,1,0,0,0,1,1,0,1,0,0,0,1,0,0,0,0,0,0,0,1,1,0,0,0,0,0,0,0,0,0,0,0,0,0,0,0,0,0,0,0,0,0,0,0,0,0,0,0,0,0,0,0,1,0,0,0,0,0,0,0,1,0,0,0,0,0,0,0,1,0,0,0,1,0,0,0,0,0,0,0,0,2015047354,3,3,3,64,2,S,2,3008,40,20,156,FELLSBURG RD
1144,2015047393,12,64,64209,68A01,2015,4,6,826,8,1,1,0,4,1,1,3,3,0,N,N,2,3,2,0,0,0,0,0,2,0,0,0,1,0,0,1,0,0,0,0,0,0,0,0,0,0,0,0,0,0,0,4,0,0,0,0,0,1,1,0,40 14:39.347,79 35:28.434,40.2443,-79.5912,2,1,4,N,,,3,Y,N,,,,,,,,,,,,2015047393,0,1,1,0,0,0,0,0,0,0,0,0,0,0,0,0,0,1,0,0,1,0,1,1,0,0,0,0,0,0,0,0,0,0,0,0,0,0,0,0,0,0,0,0,0,0,1,0,0,0,0,0,0,0,1,0,0,0,1,0,0,0,0,0,0,0,0,1,1,0,0,0,0,1,0,0,0,0,0,0,0,1,0,0,0,1,0,0,0,2015047393,3,3,3,64,2,W,2,2012,40,40,2578,DEPOT ST
1145,2015047394,12,64,64436,68A01,2015,4,7,2229,22,2,1,0,1,1,2,2,3,0,N,N,2,2,2,2,0,0,0,0,0,0,0,0,0,0,0,0,0,0,0,0,0,0,0,0,0,0,0,0,0,0,0,0,0,0,0,0,0,1,0,0,40 12:33.281,79 36:19.745,40.2092,-79.6055,1,1,2,N,,,3,Y,N,,,,,,,,,,,,2015047394,0,1,1,0,0,0,0,0,0,0,1,0,0,0,0,1,0,0,0,0,1,1,0,0,0,0,0,0,0,0,0,0,0,0,0,0,0,0,0,0,0,0,0,0,0,0,0,0,0,0,0,0,0,1,1,0,0,0,0,0,0,0,0,0,0,0,0,1,1,0,0,0,0,0,0,0,0,0,0,0,1,0,0,0,0,1,0,0,0,2015047394,3,3,3,64,2,S,2,3093,45,100,0,CENTER AV
1146,2015047417,12,64,64201,64201,2015,4,2,1127,11,1,2,1,4,1,1,3,1,0,N,N,2,2,2,1,0,0,1,0,0,0,0,0,0,0,0,0,0,0,0,0,0,0,0,0,0,0,0,0,0,0,0,0,0,0,0,0,0,0,0,0,40 37:21.113,79 38:20.111,40.6225,-79.6389,,0,,N,,,3,,N,,,,,,,,,,,,2015047417,0,1,1,0,0,1,0,0,0,0,0,0,0,0,0,1,0,0,0,0,1,0,1,1,0,0,0,0,0,0,0,0,0,0,0,0,0,0,0,0,0,0,0,0,0,0,1,0,0,0,0,0,0,0,1,0,0,0,0,0,0,0,0,0,0,0,0,0,1,0,0,0,0,0,0,0,0,0,0,0,0,0,0,0,0,0,0,0,0,2015047417,3,3,3,64,2,N,2,356,45,142,0,GARVERS FERRY RD
1147,2015047658,12,64,64214,68A04,2015,3,5,838,8,1,1,0,0,1,0,0,1,0,N,N,2,4,2,0,0,0,0,1,1,0,0,0,1,0,0,1,0,0,0,0,0,0,0,0,0,0,0,0,0,0,1,4,0,0,0,0,0,0,0,0,40 24:15.631,79 32:28.831,40.4043,-79.5413,2,1,4,Y,,,0,N,N,,,,,,,,,,,,2015047658,0,1,0,0,0,0,0,0,0,0,0,0,0,1,0,0,0,1,0,1,0,0,0,0,0,0,0,0,0,0,0,0,0,0,1,0,0,1,0,0,0,0,0,0,0,0,0,0,0,0,0,0,0,0,1,0,0,0,0,0,0,0,0,0,0,0,0,0,1,0,0,0,0,1,1,0,0,0,0,0,0,1,0,0,0,1,0,0,0,2015047658,3,3,3,64,2,W,2,22,55,201,844,WILLIAM PENN HW
1148,2015047659,12,64,64216,68B02,2015,4,4,910,9,1,1,0,7,4,0,0,1,0,N,N,1,2,1,1,0,0,0,0,0,0,0,0,2,0,0,2,0,0,1,0,0,0,0,0,0,0,0,0,0,0,0,4,0,0,0,0,0,0,0,0,40 07:56.159,79 43:43.176,40.1323,-79.7287,2,2,5,N,,,0,N,N,,,,,,,,,,,,2015047659,0,1,0,0,0,0,0,0,0,0,0,0,1,1,0,0,0,1,0,1,0,0,0,0,0,0,0,0,0,1,0,0,0,0,0,0,0,0,0,0,0,0,0,0,0,0,0,0,0,0,1,0,0,0,0,0,0,0,0,0,1,0,0,1,0,0,0,0,1,0,0,0,0,1,0,0,0,0,0,0,0,1,0,0,0,1,0,0,0,2015047659,3,3,3,64,2,S,2,3033,45,20,952,JACOBS CREEK RD
1149,2015047697,12,64,64209,68T09,2015,4,1,841,8,1,1,0,7,3,0,0,3,0,N,N,1,2,1,1,0,0,0,0,0,0,0,0,0,0,0,0,0,0,0,0,0,0,0,0,0,0,0,0,0,0,0,0,0,0,0,1,0,0,0,0,40 15:39.856,79 38:40.684,40.2609,-79.6443,,0,,N,,,0,,N,,,,,,,,,,,,2015047697,0,0,0,0,1,0,0,0,0,0,0,0,1,1,0,1,0,0,0,1,0,0,0,0,0,0,0,0,0,0,0,0,1,0,0,0,0,0,0,0,0,0,0,0,0,0,0,0,0,0,0,1,0,0,0,0,0,0,0,0,0,0,0,1,0,1,0,0,1,0,0,0,0,0,0,0,0,0,0,0,0,0,0,0,0,1,0,0,0,2015047697,3,3,1,64,4,E,5,7076,65,220,1584,EAST/WEST TU
1150,2015047702,12,64,64411,64415,2015,5,6,1818,18,1,1,0,1,1,2,0,3,0,N,N,2,5,2,2,0,0,0,0,0,0,0,0,0,0,0,0,0,0,1,0,0,0,0,0,0,0,0,0,0,0,0,0,0,0,1,0,0,0,0,0,40 19:33.585,79 41:42.039,40.326,-79.695,2,1,4,N,,,0,N,N,,,,,,,,,,,,2015047702,0,0,1,1,0,0,0,0,0,0,1,0,0,0,0,1,0,0,0,0,1,0,0,1,0,0,0,0,0,0,0,0,0,0,0,0,0,0,0,0,0,0,0,0,0,0,0,0,0,0,0,0,0,0,1,0,0,0,0,0,1,0,0,0,1,0,0,0,1,0,0,0,0,0,0,0,0,0,0,0,0,0,0,0,0,0,0,0,0,2015047702,3,4,,64,2,N,4,,25,,,HEMLOCK ST
1151,2015047763,12,64,64436,68A01,2015,4,4,1449,14,1,1,0,1,1,0,0,3,0,N,N,2,2,2,2,0,0,0,0,0,0,0,0,0,0,0,0,0,0,0,0,0,0,0,0,0,0,0,0,0,0,0,0,0,0,0,0,0,0,0,0,40 12:31.165,79 36:19.515,40.2087,-79.6054,2,1,3,N,,,0,Y,N,,,,,,,,,,,,2015047763,0,1,0,0,0,0,0,0,0,0,1,0,0,0,0,1,0,0,0,1,0,0,0,0,0,0,0,0,0,0,0,0,0,0,0,0,0,0,0,0,0,0,0,0,0,0,0,0,0,0,0,0,0,0,0,0,0,0,0,0,0,0,0,0,0,0,0,0,1,0,0,0,0,0,0,0,0,0,0,0,0,0,0,0,0,1,0,0,0,2015047763,3,3,3,64,2,E,2,3093,45,90,3350,CENTER AV
1152,2015047769,12,64,64411,64411,2015,5,6,1818,18,1,1,0,1,1,0,0,3,0,N,N,2,5,2,2,0,0,0,0,0,0,0,0,0,0,0,0,0,0,0,0,0,0,0,0,0,0,0,0,0,0,0,0,0,0,1,0,0,0,0,0,40 19:33.367,79 41:41.472,40.3259,-79.6949,1,1,4,N,,,0,N,N,,,,,,,,,,,,2015047769,0,0,1,1,0,0,0,0,0,0,1,0,0,0,0,1,0,0,0,1,0,0,0,0,0,0,0,0,0,0,0,0,0,0,0,0,0,0,0,0,0,0,0,0,0,0,0,0,0,0,0,0,0,0,0,0,0,0,0,0,0,0,0,0,1,0,0,0,1,0,0,0,0,0,0,0,0,0,0,0,0,0,0,0,0,0,0,0,0,2015047769,3,3,,64,2,W,4,,25,,,PENNSYLVANIA AV
1153,2015047775,12,64,64102,64102,2015,4,4,828,8,1,1,0,4,1,0,0,3,7,N,N,2,2,2,1,0,0,0,0,1,0,0,0,0,0,0,0,0,0,0,0,0,0,0,0,0,0,0,0,0,0,0,0,0,0,0,0,0,0,1,0,40 21:43.552,79 40:04.849,40.3621,-79.668,,0,,N,,,0,,N,,,,,,,,,,,,2015047775,0,1,0,0,0,0,0,0,0,0,0,0,0,0,0,1,0,0,0,1,0,0,0,0,0,0,0,0,0,0,0,0,0,0,0,0,0,0,0,0,0,0,0,0,0,0,0,0,0,0,0,0,0,0,1,0,0,0,1,0,0,0,0,0,0,0,0,0,1,0,0,0,0,0,0,0,0,0,0,0,0,0,0,0,0,0,0,0,0,2015047775,3,3,3,64,2,W,2,130,55,142,1066,HARRISON CITY JEANNETTE RD
1154,2015047816,12,64,64305,64305,2015,4,4,1238,12,1,1,0,7,4,7,3,3,2,N,N,1,1,1,1,0,0,0,0,0,0,0,0,1,0,0,1,0,0,0,0,0,0,0,0,0,0,0,0,0,0,0,4,0,0,0,0,0,0,0,0,40 34:35.862,79 45:00.920,40.5763,-79.7501,1,2,1,Y,,,3,N,N,,,,,,,,,,,,2015047816,0,1,0,0,0,0,0,0,0,0,0,0,1,1,0,0,0,1,0,0,1,0,1,1,0,0,0,0,0,0,1,0,0,0,0,0,0,0,0,0,0,0,0,0,0,0,0,0,0,0,0,0,0,1,1,0,0,0,0,0,0,0,1,1,0,0,0,0,1,0,0,0,0,1,0,0,0,0,0,0,0,1,0,0,0,0,0,0,0,2015047816,3,3,3,64,2,W,2,366,55,27,225,TARENTUM RD
1155,2015047858,12,64,64103,64103,2015,5,6,1625,16,1,1,0,1,1,2,2,1,0,N,N,4,4,4,3,0,0,1,0,0,0,0,0,1,0,1,0,0,0,0,0,0,0,0,0,0,0,0,0,0,0,0,3,0,0,0,0,0,0,0,0,40 09:30.274,79 46:41.891,40.1586,-79.7783,2,2,2,N,,,3,N,N,,,,,,,,,,,,2015047858,0,1,1,0,0,0,0,0,0,0,1,0,0,0,0,0,0,1,0,0,1,1,0,0,0,0,0,0,0,0,0,0,0,0,0,0,0,0,0,0,0,0,0,0,0,0,0,0,0,0,0,0,0,0,0,0,0,0,0,0,0,0,0,0,0,0,0,0,1,0,0,0,0,1,0,0,0,0,0,0,0,0,1,0,0,0,0,0,0,2015047858,3,3,3,64,2,N,2,51,45,60,445,SR 0051 SH
1156,2015047859,12,64,64201,64201,2015,5,6,2120,21,2,1,0,0,5,0,0,1,0,N,N,1,1,1,0,0,0,0,0,1,0,0,0,0,0,0,0,0,0,0,0,0,0,0,0,0,0,0,0,0,0,0,0,0,0,0,0,0,0,0,0,40 36:05.173,79 40:42.825,40.6014,-79.6786,2,1,4,N,,,0,Y,N,,,,,,,,,,,,2015047859,0,1,0,0,0,0,0,0,0,0,0,0,0,1,0,1,0,0,0,1,0,0,0,0,0,0,0,0,0,0,0,0,0,0,1,0,0,0,0,0,0,1,1,0,0,0,0,0,0,0,0,0,0,0,0,0,0,0,0,0,0,0,0,0,0,0,0,0,1,0,0,0,0,0,0,1,0,0,0,0,1,0,0,0,0,0,0,0,0,2015047859,3,3,3,64,2,W,2,56,55,150,2327,LEECHBURG RD
1157,2015047892,12,64,64210,64210,2015,5,7,1455,14,1,1,0,4,1,2,3,1,0,N,N,2,3,2,1,1,0,0,0,0,0,0,0,1,1,0,0,0,0,0,0,0,0,0,0,1,0,0,0,0,0,0,2,0,0,0,0,1,0,0,0,40 15:29.888,79 09:04.787,40.2583,-79.1513,2,2,7,N,,,3,N,N,,,,,,,,,,,,2015047892,0,1,0,0,0,0,0,0,0,0,0,0,0,0,0,0,1,1,0,0,1,0,1,1,0,0,0,0,0,0,0,0,0,0,0,1,0,0,0,0,0,0,0,0,0,0,0,0,0,0,0,0,1,1,1,0,0,0,0,0,0,0,0,0,0,0,1,0,1,0,0,0,0,1,0,0,0,0,0,0,0,0,0,1,1,0,0,0,0,2015047892,3,3,3,64,2,N,2,271,55,60,625,MENOHER HW
1158,2015047895,12,64,64202,68A04,2015,4,6,2224,22,2,1,0,7,4,0,0,1,0,N,N,1,1,1,1,0,0,0,0,0,0,0,0,1,0,0,1,0,0,1,0,0,0,0,0,0,0,0,0,0,0,0,4,0,0,0,0,0,0,0,0,40 31:10.072,79 28:56.774,40.5195,-79.4824,1,1,1,N,,,0,N,N,,,,,,,,,,,,2015047895,0,1,0,0,0,0,0,0,0,0,0,0,1,1,0,0,0,1,0,1,0,0,0,0,0,0,0,0,1,0,0,0,0,0,1,0,0,0,0,0,0,0,0,0,0,0,0,0,0,0,0,0,0,0,0,0,0,0,0,0,1,0,0,1,0,0,0,0,1,0,0,0,0,1,0,0,0,0,0,0,1,1,0,0,0,1,0,0,0,2015047895,3,3,3,64,2,S,2,981,55,1040,1905,TINTOWN RD
1159,2015047945,12,64,64103,64103,2015,5,7,2040,20,2,1,0,1,1,0,0,1,0,N,N,2,3,2,1,0,0,0,0,1,0,0,0,1,0,1,0,0,0,3,0,0,0,0,0,0,0,0,0,0,0,0,3,0,0,0,1,0,0,0,0,40 09:27.888,79 51:22.739,40.1577,-79.8563,2,2,4,N,,,0,N,N,,,,,,,,,,,,2015047945,0,1,0,0,0,0,0,0,0,0,1,0,0,0,0,0,0,1,0,1,0,0,0,0,0,0,0,0,0,0,0,0,0,0,0,0,0,0,0,0,0,0,0,0,0,0,0,0,0,0,0,0,1,1,1,0,0,0,0,0,1,0,1,0,0,1,0,0,1,0,0,0,0,1,0,0,0,0,0,0,1,0,1,0,0,0,0,0,0,2015047945,3,3,3,64,2,W,2,3013,55,31,844,VANCE DEI CAS HW
1160,2015048079,12,64,64206,68A01,2015,5,6,1010,10,1,1,0,1,1,6,3,1,0,N,N,2,2,2,1,0,0,0,1,0,0,0,0,1,0,1,0,0,0,0,0,0,0,0,0,0,0,0,0,0,0,0,3,0,0,0,1,0,1,0,0,40 07:29.510,79 33:23.278,40.1249,-79.5565,,0,,N,,,3,,N,,,,,,,,,,,,2015048079,0,1,0,0,0,0,0,0,0,0,1,0,0,0,0,0,0,1,0,0,1,0,1,1,0,0,0,0,0,0,0,0,0,0,0,0,0,1,0,0,0,0,0,0,0,0,0,0,1,0,0,0,0,0,1,0,0,0,0,0,0,0,0,0,0,1,0,1,1,0,0,0,0,1,0,0,0,0,0,0,0,0,1,0,0,1,0,0,0,2015048079,3,3,1,64,2,S,2,119,55,21,1130,CONNELLSVL NEW STANTON RD