_id,CRASH_CRN,DISTRICT,CRASH_COUNTY,MUNICIPALITY,POLICE_AGCY,CRASH_YEAR,CRASH_MONTH,DAY_OF_WEEK,TIME_OF_DAY,HOUR_OF_DAY,ILLUMINATION,WEATHER,ROAD_CONDITION,COLLISION_TYPE,RELATION_TO_ROAD,INTERSECT_TYPE,TCD_TYPE,URBAN_RURAL,LOCATION_TYPE,SCH_BUS_IND,SCH_ZONE_IND,TOTAL_UNITS,PERSON_COUNT,VEHICLE_COUNT,AUTOMOBILE_COUNT,MOTORCYCLE_COUNT,BUS_COUNT,SMALL_TRUCK_COUNT,HEAVY_TRUCK_COUNT,SUV_COUNT,VAN_COUNT,BICYCLE_COUNT,FATAL_COUNT,INJURY_COUNT,MAJ_INJ_COUNT,MOD_INJ_COUNT,MIN_INJ_COUNT,UNK_INJ_DEG_COUNT,UNK_INJ_PER_COUNT,UNBELTED_OCC_COUNT,UNB_DEATH_COUNT,UNB_MAJ_INJ_COUNT,BELTED_DEATH_COUNT,BELTED_MAJ_INJ_COUNT,MCYCLE_DEATH_COUNT,MCYCLE_MAJ_INJ_COUNT,BICYCLE_DEATH_COUNT,BICYCLE_MAJ_INJ_COUNT,PED_COUNT,PED_DEATH_COUNT,PED_MAJ_INJ_COUNT,COMM_VEH_COUNT,MAX_SEVERITY_LEVEL,DRIVER_COUNT_16YR,DRIVER_COUNT_17YR,DRIVER_COUNT_18YR,DRIVER_COUNT_19YR,DRIVER_COUNT_20YR,DRIVER_COUNT_50_64YR,DRIVER_COUNT_65_74YR,DRIVER_COUNT_75PLUS,LATITUDE,LONGITUDE,DEC_LAT,DEC_LONG,EST_HRS_CLOSED,LANE_CLOSED,LN_CLOSE_DIR,NTFY_HIWY_MAINT,RDWY_SURF_TYPE_CD,SPEC_JURIS_CD,TCD_FUNC_CD,TFC_DETOUR_IND,WORK_ZONE_IND,WORK_ZONE_TYPE,WORK_ZONE_LOC,CONS_ZONE_SPD_LIM,WORKERS_PRES,WZ_CLOSE_DETOUR,WZ_FLAGGER,WZ_LAW_OFFCR_IND,WZ_LN_CLOSURE,WZ_MOVING,WZ_OTHER,WZ_SHLDER_MDN,FLAG_CRN,INTERSTATE,STATE_ROAD,LOCAL_ROAD,LOCAL_ROAD_ONLY,TURNPIKE,WET_ROAD,SNOW_SLUSH_ROAD,ICY_ROAD,SUDDEN_DEER,SHLDR_RELATED,REAR_END,HO_OPPDIR_SDSWP,HIT_FIXED_OBJECT,SV_RUN_OFF_RD,WORK_ZONE,PROPERTY_DAMAGE_ONLY,FATAL_OR_MAJ_INJ,INJURY,FATAL,NON_INTERSECTION,INTERSECTION,SIGNALIZED_INT,STOP_CONTROLLED_INT,UNSIGNALIZED_INT,SCHOOL_BUS,SCHOOL_ZONE,HIT_DEER,HIT_TREE_SHRUB,HIT_EMBANKMENT,HIT_POLE,HIT_GDRAIL,HIT_GDRAIL_END,HIT_BARRIER,HIT_BRIDGE,OVERTURNED,MOTORCYCLE,BICYCLE,HVY_TRUCK_RELATED,VEHICLE_FAILURE,TRAIN_TROLLEY,PHANTOM_VEHICLE,ALCOHOL_RELATED,DRINKING_DRIVER,UNDERAGE_DRNK_DRV,UNLICENSED,CELL_PHONE,NO_CLEARANCE,RUNNING_RED_LT,TAILGATING,CROSS_MEDIAN,CURVE_DVR_ERROR,LIMIT_65MPH,SPEEDING,SPEEDING_RELATED,AGGRESSIVE_DRIVING,FATIGUE_ASLEEP,DRIVER_16YR,DRIVER_17YR,DRIVER_65_74YR,DRIVER_75PLUS,UNBELTED,PEDESTRIAN,DISTRACTED,CURVED_ROAD,DRIVER_18YR,DRIVER_19YR,DRIVER_20YR,DRIVER_50_64YR,VEHICLE_TOWED,FIRE_IN_VEHICLE,HIT_PARKED_VEHICLE,MC_DRINKING_DRIVER,DRUGGED_DRIVER,INJURY_OR_FATAL,COMM_VEHICLE,IMPAIRED_DRIVER,DEER_RELATED,DRUG_RELATED,HAZARDOUS_TRUCK,ILLEGAL_DRUG_RELATED,ILLUMINATION_DARK,MINOR_INJURY,MODERATE_INJURY,MAJOR_INJURY,NHTSA_AGG_DRIVING,PSP_REPORTED,RUNNING_STOP_SIGN,TRAIN,TROLLEY,ROADWAY_CRN,RDWY_SEQ_NUM,ADJ_RDWY_SEQ,ACCESS_CTRL,ROADWAY_COUNTY,LANE_COUNT,RDWY_ORIENT,ROAD_OWNER,ROUTE,SPEED_LIMIT,SEGMENT,OFFSET,STREET_NAME
1421,2015057672,12,64,64209,68A01,2015,5,7,35,0,2,1,0,2,1,2,3,3,0,N,N,2,4,2,2,0,0,0,0,0,0,0,0,0,0,0,0,0,0,0,0,0,0,0,0,0,0,0,0,0,0,0,0,0,0,0,1,0,0,0,0,40 20:45.050,79 29:28.672,40.3458,-79.4913,,0,,N,,,3,,N,,,,,,,,,,,,2015057672,0,1,0,0,0,0,0,0,0,0,0,1,0,0,0,1,0,0,0,0,1,0,1,1,0,0,0,0,0,0,0,0,0,0,0,0,0,0,0,0,0,0,0,0,0,0,0,0,0,0,0,0,0,1,1,0,0,0,0,0,0,0,0,1,0,1,0,0,1,0,0,0,0,0,0,0,0,0,0,0,1,0,0,0,0,1,0,0,0,2015057672,3,3,3,64,2,S,2,119,45,430,0,CRABTREE RD
1422,2015057738,12,64,64437,64437,2015,5,1,1058,10,1,1,0,9,1,0,0,3,0,N,N,1,4,1,0,0,0,0,0,1,0,0,0,0,0,0,0,0,0,0,0,0,0,0,0,0,0,0,0,0,0,0,0,0,0,0,0,0,0,0,0,40 24:28.360,79 36:42.390,40.4079,-79.6118,,0,,N,,,0,,N,,,,,,,,,,,,2015057738,0,1,0,0,0,0,0,0,1,0,0,0,0,0,0,1,0,0,0,1,0,0,0,0,0,0,1,0,0,0,0,0,0,0,0,0,0,0,0,0,0,0,0,0,0,0,0,0,0,0,0,0,0,0,0,0,0,0,0,0,0,0,0,0,0,0,0,0,1,0,0,0,0,0,0,0,1,0,0,0,0,0,0,0,0,0,0,0,0,2015057738,3,3,3,64,2,E,2,22,55,120,186,WILLIAM PENN HW
1423,2015057835,12,64,64437,64437,2015,6,2,1058,10,1,1,0,9,1,0,0,3,0,N,N,1,3,1,0,0,0,0,0,1,0,0,0,3,0,0,0,3,0,1,0,0,0,0,0,0,0,0,0,0,0,0,8,0,0,0,0,0,0,0,0,40 31:16.910,79 41:47.424,40.5214,-79.6965,2,1,2,N,,,0,N,N,,,,,,,,,,,,2015057835,0,1,0,0,0,0,0,0,1,0,0,0,0,0,0,0,0,1,0,1,0,0,0,0,0,0,1,0,0,0,0,0,0,0,0,0,0,0,0,0,0,0,0,0,0,0,0,0,0,0,0,0,0,0,0,0,0,0,0,0,1,0,0,0,0,0,0,0,1,0,0,0,0,1,0,0,1,0,0,0,0,0,0,0,0,0,0,0,0,2015057835,3,3,3,64,2,S,2,366,55,162,901,GREENSBURG RD
1424,2015057859,12,64,64413,64413,2015,5,1,1400,14,1,1,0,9,1,0,0,1,0,N,N,1,2,1,0,1,0,0,0,0,0,0,0,2,0,1,1,0,0,0,0,0,0,0,0,0,0,0,0,0,0,0,3,0,0,0,0,0,0,1,0,40 14:47.638,79 14:45.423,40.2466,-79.246,,0,,N,,,0,,N,,,,,,,,,,,,2015057859,0,1,0,0,0,0,0,0,1,0,0,0,0,0,0,0,0,1,0,1,0,0,0,0,0,0,1,0,0,0,0,0,0,0,0,1,0,0,0,0,0,0,0,0,0,0,0,0,0,0,0,0,0,0,0,0,0,0,1,0,0,0,0,0,0,0,0,0,0,0,0,0,0,1,0,0,1,0,0,0,0,1,1,0,0,0,0,0,0,2015057859,3,3,3,64,2,E,2,30,35,670,335,LINCOLN HW
1425,2015057902,12,64,64217,68A01,2015,2,6,811,8,1,1,0,1,1,0,2,1,0,N,N,2,2,2,0,0,0,1,1,0,0,0,0,1,0,0,1,0,0,0,0,0,0,0,0,0,0,0,0,0,0,1,4,0,0,0,0,0,1,0,0,40 17:27.980,79 27:56.802,40.2911,-79.4658,2,1,3,N,,,3,N,N,,,,,,,,,,,,2015057902,0,1,0,0,0,0,0,0,0,0,1,0,0,0,0,0,0,1,0,1,0,0,0,0,0,0,0,0,0,0,0,0,0,0,0,0,0,1,0,0,0,0,0,0,0,0,0,0,0,0,0,0,0,0,0,0,0,0,0,0,0,0,0,0,0,0,0,1,1,0,0,0,0,1,1,0,0,0,0,0,0,1,0,0,0,1,0,0,0,2015057902,3,3,3,64,2,E,2,30,50,400,1955,LINCOLN HW
1426,2015057903,12,64,64217,68A01,2015,2,7,19,0,2,1,0,0,4,0,0,1,0,N,N,1,1,1,1,0,0,0,0,0,0,0,0,1,1,0,0,0,0,1,0,1,0,0,0,0,0,0,0,0,0,0,2,0,0,0,0,0,0,0,0,40 17:08.823,79 19:20.249,40.2858,-79.3223,3,2,3,N,,,0,N,N,,,,,,,,,,,,2015057903,0,1,0,0,0,0,0,0,0,0,0,0,0,1,0,0,1,1,0,1,0,0,0,0,0,0,0,0,0,0,0,0,0,0,1,0,0,0,0,0,0,1,1,0,0,0,0,0,0,0,1,0,0,0,0,0,0,0,0,0,1,0,0,1,0,0,0,0,1,0,0,0,0,1,0,1,0,0,0,0,1,0,0,1,0,1,0,0,0,2015057903,3,3,3,64,2,E,2,30,50,550,2665,LINCOLN HW
1427,2015057904,12,64,64209,68A01,2015,5,4,906,9,1,1,0,1,1,0,0,3,0,N,N,2,3,2,1,0,0,0,0,1,0,0,0,1,0,0,1,0,0,0,0,0,0,0,0,0,0,0,0,0,0,0,4,0,0,0,0,0,1,0,0,40 18:34.068,79 35:56.214,40.3095,-79.5989,1,1,4,N,,,0,N,N,,,,,,,,,,,,2015057904,0,1,0,0,0,0,0,0,0,0,1,0,0,0,0,0,0,1,0,1,0,0,0,0,0,0,0,0,0,0,0,0,0,0,0,0,0,0,0,0,0,0,0,0,0,0,0,0,0,0,0,0,0,0,0,0,0,0,0,0,0,0,0,0,0,0,0,1,0,0,0,0,0,1,0,0,0,0,0,0,0,1,0,0,0,1,0,0,0,2015057904,3,3,3,64,2,W,2,30,40,231,344,LINCOLN HW
1428,2015057906,12,64,64204,68A01,2015,5,5,710,7,1,1,0,4,1,2,3,1,0,N,N,2,2,2,0,0,0,0,0,2,0,0,0,0,0,0,0,0,0,0,0,0,0,0,0,0,0,0,0,0,0,0,0,0,0,0,0,0,0,0,0,40 18:58.158,79 19:41.062,40.3162,-79.3281,3,1,1,N,,,3,N,N,,,,,,,,,,,,2015057906,0,1,0,0,0,0,0,0,0,0,0,0,0,0,0,1,0,0,0,0,1,0,1,1,0,0,0,0,0,0,0,0,0,0,1,0,0,0,0,0,0,0,0,0,0,0,1,0,0,0,0,0,0,0,1,1,0,0,0,0,0,0,0,1,0,0,0,0,1,0,0,0,0,0,0,0,0,0,0,0,0,0,0,0,0,1,0,0,0,2015057906,3,3,3,64,2,S,2,217,40,40,2620,FOURTH AV
1429,2015058018,12,64,64212,68T09,2015,5,5,1505,15,1,1,0,7,2,0,0,1,0,N,N,1,1,1,1,0,0,0,0,0,0,0,0,0,0,0,0,0,0,0,0,0,0,0,0,0,0,0,0,0,0,0,0,0,0,0,0,0,0,0,0,40 10:18.807,79 30:08.718,40.1718,-79.5023,,0,,N,,,0,,N,,,,,,,,,,,,2015058018,0,0,0,0,1,0,0,0,0,0,0,0,1,1,0,1,0,0,0,1,0,0,0,0,0,0,0,0,0,0,1,0,0,0,0,0,0,0,1,0,0,0,0,0,0,0,0,0,0,0,0,0,0,0,0,0,0,0,0,0,0,0,0,0,0,0,0,0,1,0,0,0,0,0,0,0,0,0,0,0,0,0,0,0,0,1,0,0,0,2015058018,3,3,1,64,5,W,5,7076,55,350,2112,EAST/WEST TU
1430,2015058056,12,64,64305,64305,2015,5,6,34,0,3,1,0,4,6,0,0,3,0,N,N,3,1,3,1,0,0,0,0,1,0,0,0,1,0,0,0,1,0,1,0,0,0,0,0,0,0,0,0,0,0,0,8,0,0,0,0,0,1,0,0,40 33:45.582,79 44:55.251,40.5627,-79.7487,1,2,5,N,,,0,N,N,,,,,,,,,,,,2015058056,0,0,1,1,0,0,0,0,0,0,0,0,0,0,0,0,0,1,0,1,0,0,0,0,0,0,0,0,0,0,0,0,0,0,1,0,0,0,0,0,0,1,1,0,0,0,0,0,0,0,0,0,0,0,0,0,0,0,0,0,1,0,0,0,0,0,0,1,1,0,1,0,0,1,0,1,0,0,0,0,1,0,0,0,0,0,0,0,0,2015058056,3,3,,64,2,N,4,,25,,,PARK AV
1431,2015058122,12,64,64206,68A01,2015,5,2,1548,15,1,1,0,1,1,0,0,1,0,N,N,2,2,2,1,0,0,1,0,0,0,0,0,0,0,0,0,0,0,0,0,0,0,0,0,0,0,0,0,0,0,0,0,0,0,0,0,0,1,0,0,40 07:21.737,79 33:01.641,40.1227,-79.5505,2,1,5,N,,,0,Y,N,,,,,,,,,,,,2015058122,0,1,0,0,0,0,0,0,0,0,1,0,0,0,0,1,0,0,0,1,0,0,0,0,0,0,0,0,0,0,0,0,0,0,0,0,0,0,0,0,0,0,0,0,0,0,0,0,0,0,0,0,0,1,1,0,0,0,0,0,0,0,0,0,0,0,0,1,1,0,0,0,0,0,0,0,0,0,0,0,0,0,0,0,0,1,0,0,0,2015058122,3,3,3,64,2,S,2,3105,40,20,1757,MT PLEASANT RD
1432,2015058194,12,64,64102,68T09,2015,5,1,1400,14,1,1,1,7,4,0,0,3,0,N,N,1,1,1,1,0,0,0,0,0,0,0,0,1,0,0,1,0,0,0,0,0,0,0,0,0,0,0,0,0,0,0,4,0,0,0,0,0,0,0,0,40 24:21.049,79 42:59.907,40.406,-79.717,2,1,3,N,,,0,N,N,,,,,,,,,,,,2015058194,0,0,0,0,1,1,0,0,0,0,0,0,1,1,0,0,0,1,0,1,0,0,0,0,0,0,0,0,1,0,0,0,0,0,1,0,0,0,0,0,0,0,0,0,0,0,0,0,0,0,0,1,0,1,1,0,0,0,0,0,0,0,0,0,0,0,0,0,1,0,0,0,0,1,0,0,0,0,0,0,0,1,0,0,0,1,0,0,0,2015058194,3,3,1,64,4,E,5,7076,65,10,1795,EAST/WEST TU
1433,2015058196,12,64,64413,64413,2015,5,5,1353,13,1,1,0,2,6,0,0,1,0,N,N,3,1,3,0,0,0,0,0,1,0,0,0,1,0,0,0,1,0,0,0,0,0,0,0,0,0,0,0,0,0,0,8,0,0,0,0,0,0,1,0,40 14:41.292,79 14:26.076,40.2448,-79.2406,1,1,4,N,,,0,Y,N,,,,,,,,,,,,2015058196,0,1,0,0,0,0,0,0,0,0,0,1,0,0,0,0,0,1,0,1,0,0,0,0,0,0,0,0,0,0,0,0,0,0,0,0,0,0,0,0,0,0,0,0,0,0,0,0,0,0,0,0,0,0,0,0,0,0,1,0,0,0,0,0,0,0,0,0,1,0,1,0,0,1,0,0,0,0,0,0,0,0,0,0,0,0,0,0,0,2015058196,3,3,3,64,2,W,2,1046,50,14,1066,MAIN ST
1434,2015058202,12,64,64306,64306,2015,6,3,751,7,1,1,0,4,1,0,0,3,0,N,N,2,3,2,0,0,0,0,0,2,0,0,0,0,0,0,0,0,0,0,0,0,0,0,0,0,0,0,0,0,0,0,0,0,0,0,0,0,1,0,0,40 35:03.379,79 42:18.068,40.5843,-79.705,1,1,3,N,,,0,Y,N,,,,,,,,,,,,2015058202,0,1,0,0,0,0,0,0,0,0,0,0,0,0,0,1,0,0,0,1,0,0,0,0,0,0,0,0,0,0,0,0,0,0,0,0,0,0,0,0,0,0,0,0,0,0,0,0,0,0,0,0,0,0,0,0,0,0,0,0,0,0,0,0,0,0,0,1,1,0,0,0,0,0,0,0,0,0,0,0,0,0,0,0,0,0,0,0,0,2015058202,3,3,3,64,2,E,2,4044,35,30,2453,LEECHBURG RD
1435,2015058210,12,64,64210,64210,2015,6,2,1330,13,1,1,0,4,1,1,3,1,0,N,N,2,2,2,0,0,0,0,0,1,1,0,0,1,0,0,0,1,0,0,0,0,0,0,0,0,0,0,0,0,0,0,8,0,0,0,0,1,0,0,1,40 15:47.152,79 16:13.502,40.2631,-79.2704,2,1,4,Y,,,3,N,N,,,,,,,,,,,,2015058210,0,1,1,0,0,0,0,0,0,0,0,0,0,0,0,0,0,1,0,0,1,0,1,1,0,0,0,0,0,0,1,0,0,0,0,0,0,0,0,0,0,0,0,0,0,0,1,0,0,0,0,0,0,0,1,0,0,0,0,1,0,0,0,1,0,0,1,0,1,0,0,0,0,1,0,0,0,0,0,0,0,0,0,0,0,0,0,0,0,2015058210,3,3,3,64,2,W,2,30,55,631,1250,LINCOLN HW
1436,2015058216,12,64,64306,64306,2015,6,2,1036,10,1,1,0,7,2,0,0,3,0,N,N,1,1,1,1,0,0,0,0,0,0,0,0,0,0,0,0,0,0,0,0,0,0,0,0,0,0,0,0,0,0,0,0,0,0,0,0,0,0,0,0,40 35:53.306,79 43:39.288,40.5981,-79.7276,,0,,Y,,,0,,N,,,,,,,,,,,,2015058216,0,1,0,0,0,0,0,0,1,0,0,0,1,1,0,1,0,0,0,1,0,0,0,0,0,0,0,0,1,0,1,0,0,0,0,0,0,0,0,0,0,0,0,0,0,0,0,0,0,0,0,0,0,1,1,0,0,0,0,0,0,0,0,1,0,0,0,0,1,0,0,0,0,0,0,0,1,0,0,0,0,0,0,0,0,0,0,0,0,2015058216,3,3,3,64,2,E,2,4042,55,40,843,EDGECLIFF RD
1437,2015058367,12,64,64435,68A01,2015,5,7,2201,22,2,1,0,7,4,0,0,3,0,N,N,1,1,1,1,0,0,0,0,0,0,0,0,1,0,1,0,0,0,0,0,0,0,0,0,0,0,0,0,0,0,0,3,0,0,0,0,0,0,0,1,40 14:39.339,79 35:28.397,40.2443,-79.5912,3,2,7,N,,,0,Y,N,,,,,,,,,,,,2015058367,0,1,0,0,0,0,0,0,0,0,0,0,1,1,0,0,0,1,0,1,0,0,0,0,0,0,0,0,1,0,0,0,0,0,0,0,0,0,0,0,0,0,0,0,0,0,0,0,0,0,0,0,0,0,0,0,0,0,0,1,0,0,0,0,0,0,0,0,1,0,0,0,0,1,0,0,0,0,0,0,1,0,1,0,0,1,0,0,0,2015058367,3,3,3,64,2,E,2,2012,40,40,2581,DEPOT ST
1438,2015058369,12,64,64204,68A01,2015,5,1,200,2,6,1,0,7,5,0,0,1,0,N,N,1,1,1,0,0,0,1,0,0,0,0,0,1,0,0,1,0,0,0,0,0,0,0,0,0,0,0,0,0,0,0,4,0,0,0,0,0,0,0,0,40 18:21.961,79 21:53.523,40.3061,-79.3649,,0,,N,,,0,,N,,,,,,,,,,,,2015058369,0,1,0,0,0,0,0,0,0,0,0,0,1,1,0,0,0,1,0,1,0,0,0,0,0,0,0,0,0,1,0,0,0,0,1,0,0,0,0,0,0,1,1,0,0,0,0,0,0,0,0,0,0,0,0,0,0,0,0,0,0,0,1,1,0,0,0,0,1,0,0,0,0,1,0,1,0,0,0,0,1,1,0,0,0,1,0,0,0,2015058369,3,3,3,64,2,N,2,982,40,270,378,HILLVIEW AV
1439,2015058471,12,64,64103,64103,2015,6,3,1743,17,1,1,0,4,1,2,3,1,7,N,N,2,4,2,1,0,0,1,0,0,0,0,0,0,0,0,0,0,0,0,0,0,0,0,0,0,0,0,0,0,0,0,0,0,0,1,0,0,0,0,0,40 08:13.114,79 50:34.341,40.137,-79.8429,,0,,N,,,3,,N,,,,,,,,,,,,2015058471,0,1,1,0,0,0,0,0,0,0,0,0,0,0,0,1,0,0,0,0,1,0,1,1,0,0,0,0,0,0,0,0,0,0,0,0,0,0,0,0,0,0,0,0,0,0,1,0,0,0,0,0,0,0,1,0,0,0,0,0,0,0,0,0,1,0,0,0,1,0,0,0,0,0,0,0,0,0,0,0,0,0,0,0,0,0,0,0,0,2015058471,3,3,2,64,2,N,2,201,45,20,245,ROSTRAVER RD
1440,2015058550,12,64,64204,68A01,2015,5,1,22,0,2,1,0,0,4,3,0,1,0,N,N,1,1,1,0,0,0,1,0,0,0,0,0,1,0,0,0,1,0,0,0,0,0,0,0,0,0,0,0,0,0,0,8,0,0,0,0,0,1,0,0,40 21:06.853,79 22:30.518,40.3519,-79.3751,2,2,7,N,,,0,Y,N,,,,,,,,,,,,2015058550,0,1,1,0,0,0,0,0,0,0,0,0,0,1,0,0,0,1,0,0,1,0,0,1,0,0,0,0,0,0,0,0,0,0,1,0,0,0,0,0,0,1,1,0,0,0,0,0,0,0,0,0,0,0,0,0,0,0,0,0,0,0,0,0,0,0,0,1,1,0,0,0,0,1,0,1,0,0,0,0,1,0,0,0,0,1,0,0,0,2015058550,3,3,3,64,2,N,2,1031,40,20,0,STRAWCUTTER RD
1441,2015058551,12,64,64212,68A01,2015,5,4,212,2,2,1,0,7,4,0,0,1,0,N,N,1,1,1,1,0,0,0,0,0,0,0,0,1,0,0,0,1,0,0,0,0,0,0,0,0,0,0,0,0,0,0,8,0,0,0,0,0,0,0,0,40 12:33.439,79 23:44.060,40.2093,-79.3956,,0,,N,,,0,,N,,,,,,,,,,,,2015058551,0,1,0,0,0,0,0,0,1,0,0,0,1,1,0,0,0,1,0,1,0,0,0,0,0,0,0,1,0,0,0,0,0,0,0,0,0,0,0,0,0,1,1,0,0,0,0,0,0,0,0,0,0,0,0,0,0,0,0,0,0,0,0,1,0,0,0,0,1,0,0,0,0,1,0,1,1,0,0,0,1,0,0,0,0,1,0,0,0,2015058551,3,3,3,64,2,W,2,130,35,542,85,SR 0130 HW
1442,2015058552,12,64,64206,68A01,2015,5,1,346,3,3,2,1,7,4,3,2,1,0,N,N,1,2,1,0,0,0,0,0,1,0,0,0,1,0,0,1,0,0,0,0,0,0,0,0,0,0,0,0,0,0,0,4,0,0,0,0,0,1,0,0,40 07:34.654,79 32:58.205,40.1263,-79.5495,,0,,N,,,3,,N,,,,,,,,,,,,2015058552,0,1,0,0,0,1,0,0,0,0,0,0,1,1,0,0,0,1,0,0,1,1,0,0,0,0,0,0,0,1,0,0,0,0,0,0,0,0,0,0,0,0,0,0,0,0,0,0,0,0,0,0,0,0,0,0,0,0,0,0,0,0,0,0,0,0,0,1,1,0,0,0,0,1,0,0,0,0,0,0,1,1,0,0,0,1,0,0,0,2015058552,3,3,3,64,1,N,2,819,45,100,0,MT PLEASANT SCOTTDALE RD
1443,2015058553,12,64,64217,68A01,2015,5,4,1001,10,1,1,0,2,1,3,3,1,0,N,N,2,2,2,1,0,0,0,0,0,1,0,0,0,0,0,0,0,0,1,0,0,0,0,0,0,0,0,0,0,0,0,0,0,0,0,0,0,0,0,0,40 14:23.686,79 27:06.567,40.2399,-79.4518,,0,,N,,,3,,N,,,,,,,,,,,,2015058553,0,1,1,0,0,0,0,0,0,0,0,1,0,0,0,1,0,0,0,0,1,0,1,1,0,0,0,0,0,0,0,0,0,0,0,0,0,0,0,0,0,0,0,0,0,0,1,0,0,0,0,0,0,0,1,0,0,0,0,0,1,0,0,1,0,0,0,0,1,0,0,0,0,0,0,0,0,0,0,0,0,0,0,0,0,1,0,0,0,2015058553,3,3,3,64,2,B,2,130,50,482,0,SR 0130 SH
1444,2015058554,12,64,64209,68A01,2015,5,6,151,1,2,1,0,4,1,1,2,3,0,N,N,2,2,2,1,0,0,0,1,0,0,0,0,1,0,0,0,1,0,0,0,0,0,0,0,0,0,0,0,0,0,1,8,0,0,0,0,0,1,0,0,40 18:11.483,79 30:22.388,40.303,-79.5063,3,2,4,N,,,3,Y,N,,,,,,,,,,,,2015058554,0,1,1,0,0,0,0,0,0,0,0,0,0,0,0,0,0,1,0,0,1,1,0,0,0,0,0,0,0,0,0,0,0,0,0,0,0,1,0,0,0,1,1,0,0,0,0,0,0,0,0,0,0,0,0,0,0,0,0,0,0,0,0,0,0,0,0,1,1,0,0,0,0,1,1,1,0,0,0,0,1,0,0,0,0,1,0,0,0,2015058554,3,3,3,64,3,E,2,30,55,360,0,LINCOLN HW
1445,2015058682,12,64,64103,64103,2015,6,3,830,8,1,1,0,0,1,0,0,1,0,N,N,1,1,1,1,0,0,0,0,0,0,0,0,0,0,0,0,0,0,0,0,0,0,0,0,0,0,0,0,0,0,0,0,0,0,0,0,0,1,0,0,40 08:18.113,79 50:33.203,40.1384,-79.8426,1,1,1,N,,,0,N,N,,,,,,,,,,,,2015058682,0,1,0,0,0,0,0,0,0,0,0,0,0,1,0,1,0,0,0,1,0,0,0,0,0,0,0,0,0,0,0,0,0,0,0,0,0,0,1,0,0,0,0,0,0,0,0,0,0,0,0,0,0,0,0,0,0,0,0,0,0,0,0,0,0,0,0,1,1,1,0,0,0,0,0,0,0,0,0,0,0,0,0,0,0,0,0,0,0,2015058682,3,3,2,64,2,N,2,201,45,20,762,ROSTRAVER RD
1446,2015058757,12,64,64209,68A01,2015,5,1,1345,13,1,1,0,4,1,5,2,3,0,N,N,3,3,3,3,0,0,0,0,0,0,0,0,1,0,0,1,0,0,0,0,0,0,0,0,0,0,0,0,0,0,0,4,0,0,0,0,0,0,0,1,40 18:23.203,79 34:29.817,40.3064,-79.5749,2,1,6,N,,,3,Y,N,,,,,,,,,,,,2015058757,0,1,0,0,0,0,0,0,0,0,0,0,0,0,0,0,0,1,0,0,1,1,0,0,0,0,0,0,0,0,0,0,0,0,0,0,0,0,0,0,0,0,0,0,0,0,0,1,0,0,0,0,0,0,1,0,0,0,0,1,0,0,0,0,0,0,0,0,1,0,0,0,0,1,0,0,0,0,0,0,0,1,0,0,0,1,0,0,0,2015058757,3,3,3,64,2,E,2,30,45,260,0,LINCOLN HW
1447,2015058903,12,64,64437,64437,2015,6,4,1543,15,1,1,0,1,1,3,0,3,0,N,N,2,3,2,1,0,0,0,0,1,0,0,0,0,0,0,0,0,0,0,0,0,0,0,0,0,0,0,0,0,0,0,0,0,0,0,0,1,1,0,0,40 25:23.523,79 41:39.757,40.4232,-79.6944,2,2,5,N,,,0,Y,N,,,,,,,,,,,,2015058903,0,0,1,1,0,0,0,0,0,0,1,0,0,0,0,1,0,0,0,0,1,0,0,1,0,0,0,0,0,0,0,0,0,0,0,0,0,0,0,0,0,0,0,0,0,0,0,0,0,0,0,0,0,0,0,0,0,0,0,0,0,0,1,1,0,0,1,1,1,0,0,0,0,0,0,0,0,0,0,0,0,0,0,0,0,0,0,0,0,2015058903,3,4,,64,2,E,4,,35,,,ROUND TOP RD
1448,2015058933,12,64,64101,64101,2015,6,4,1722,17,1,1,0,1,1,1,2,3,0,N,N,2,2,2,2,0,0,0,0,0,0,0,0,0,0,0,0,0,0,0,0,0,0,0,0,0,0,0,0,0,0,0,0,0,0,0,0,1,0,0,0,40 20:00.192,79 44:33.922,40.3334,-79.7429,1,1,4,N,,,3,N,N,,,,,,,,,,,,2015058933,0,1,1,0,0,0,0,0,0,0,1,0,0,0,0,1,0,0,0,0,1,1,0,0,0,0,0,0,0,0,0,0,0,0,0,0,0,0,0,0,0,0,0,0,0,0,0,0,0,0,0,0,0,0,0,0,0,0,0,0,0,0,0,0,0,0,1,0,1,0,0,0,1,0,0,1,0,1,0,1,0,0,0,0,0,0,0,0,0,2015058933,3,3,3,64,2,E,2,30,40,70,0,LINCOLN HW
1449,2015058944,12,64,64209,68A01,2015,5,1,1008,10,1,1,0,7,2,0,0,3,0,N,N,1,1,1,0,0,0,1,0,0,0,0,0,0,0,0,0,0,0,0,0,0,0,0,0,0,0,0,0,0,0,0,0,0,0,1,0,0,0,0,0,40 17:08.627,79 30:51.194,40.2857,-79.5142,2,2,5,N,,,0,Y,N,,,,,,,,,,,,2015058944,0,1,0,0,0,0,0,0,0,0,0,0,1,1,0,1,0,0,0,1,0,0,0,0,0,0,0,1,0,0,0,0,0,0,0,0,0,0,0,0,0,0,0,0,0,0,0,0,0,0,0,0,0,0,0,0,0,0,0,0,0,0,0,0,1,0,0,0,1,1,0,0,0,0,0,0,0,0,0,0,0,0,0,0,0,1,0,0,0,2015058944,3,3,3,64,2,N,2,130,25,362,2473,HUMPHREY RD