_id,CRASH_CRN,DISTRICT,CRASH_COUNTY,MUNICIPALITY,POLICE_AGCY,CRASH_YEAR,CRASH_MONTH,DAY_OF_WEEK,TIME_OF_DAY,HOUR_OF_DAY,ILLUMINATION,WEATHER,ROAD_CONDITION,COLLISION_TYPE,RELATION_TO_ROAD,INTERSECT_TYPE,TCD_TYPE,URBAN_RURAL,LOCATION_TYPE,SCH_BUS_IND,SCH_ZONE_IND,TOTAL_UNITS,PERSON_COUNT,VEHICLE_COUNT,AUTOMOBILE_COUNT,MOTORCYCLE_COUNT,BUS_COUNT,SMALL_TRUCK_COUNT,HEAVY_TRUCK_COUNT,SUV_COUNT,VAN_COUNT,BICYCLE_COUNT,FATAL_COUNT,INJURY_COUNT,MAJ_INJ_COUNT,MOD_INJ_COUNT,MIN_INJ_COUNT,UNK_INJ_DEG_COUNT,UNK_INJ_PER_COUNT,UNBELTED_OCC_COUNT,UNB_DEATH_COUNT,UNB_MAJ_INJ_COUNT,BELTED_DEATH_COUNT,BELTED_MAJ_INJ_COUNT,MCYCLE_DEATH_COUNT,MCYCLE_MAJ_INJ_COUNT,BICYCLE_DEATH_COUNT,BICYCLE_MAJ_INJ_COUNT,PED_COUNT,PED_DEATH_COUNT,PED_MAJ_INJ_COUNT,COMM_VEH_COUNT,MAX_SEVERITY_LEVEL,DRIVER_COUNT_16YR,DRIVER_COUNT_17YR,DRIVER_COUNT_18YR,DRIVER_COUNT_19YR,DRIVER_COUNT_20YR,DRIVER_COUNT_50_64YR,DRIVER_COUNT_65_74YR,DRIVER_COUNT_75PLUS,LATITUDE,LONGITUDE,DEC_LAT,DEC_LONG,EST_HRS_CLOSED,LANE_CLOSED,LN_CLOSE_DIR,NTFY_HIWY_MAINT,RDWY_SURF_TYPE_CD,SPEC_JURIS_CD,TCD_FUNC_CD,TFC_DETOUR_IND,WORK_ZONE_IND,WORK_ZONE_TYPE,WORK_ZONE_LOC,CONS_ZONE_SPD_LIM,WORKERS_PRES,WZ_CLOSE_DETOUR,WZ_FLAGGER,WZ_LAW_OFFCR_IND,WZ_LN_CLOSURE,WZ_MOVING,WZ_OTHER,WZ_SHLDER_MDN,FLAG_CRN,INTERSTATE,STATE_ROAD,LOCAL_ROAD,LOCAL_ROAD_ONLY,TURNPIKE,WET_ROAD,SNOW_SLUSH_ROAD,ICY_ROAD,SUDDEN_DEER,SHLDR_RELATED,REAR_END,HO_OPPDIR_SDSWP,HIT_FIXED_OBJECT,SV_RUN_OFF_RD,WORK_ZONE,PROPERTY_DAMAGE_ONLY,FATAL_OR_MAJ_INJ,INJURY,FATAL,NON_INTERSECTION,INTERSECTION,SIGNALIZED_INT,STOP_CONTROLLED_INT,UNSIGNALIZED_INT,SCHOOL_BUS,SCHOOL_ZONE,HIT_DEER,HIT_TREE_SHRUB,HIT_EMBANKMENT,HIT_POLE,HIT_GDRAIL,HIT_GDRAIL_END,HIT_BARRIER,HIT_BRIDGE,OVERTURNED,MOTORCYCLE,BICYCLE,HVY_TRUCK_RELATED,VEHICLE_FAILURE,TRAIN_TROLLEY,PHANTOM_VEHICLE,ALCOHOL_RELATED,DRINKING_DRIVER,UNDERAGE_DRNK_DRV,UNLICENSED,CELL_PHONE,NO_CLEARANCE,RUNNING_RED_LT,TAILGATING,CROSS_MEDIAN,CURVE_DVR_ERROR,LIMIT_65MPH,SPEEDING,SPEEDING_RELATED,AGGRESSIVE_DRIVING,FATIGUE_ASLEEP,DRIVER_16YR,DRIVER_17YR,DRIVER_65_74YR,DRIVER_75PLUS,UNBELTED,PEDESTRIAN,DISTRACTED,CURVED_ROAD,DRIVER_18YR,DRIVER_19YR,DRIVER_20YR,DRIVER_50_64YR,VEHICLE_TOWED,FIRE_IN_VEHICLE,HIT_PARKED_VEHICLE,MC_DRINKING_DRIVER,DRUGGED_DRIVER,INJURY_OR_FATAL,COMM_VEHICLE,IMPAIRED_DRIVER,DEER_RELATED,DRUG_RELATED,HAZARDOUS_TRUCK,ILLEGAL_DRUG_RELATED,ILLUMINATION_DARK,MINOR_INJURY,MODERATE_INJURY,MAJOR_INJURY,NHTSA_AGG_DRIVING,PSP_REPORTED,RUNNING_STOP_SIGN,TRAIN,TROLLEY,ROADWAY_CRN,RDWY_SEQ_NUM,ADJ_RDWY_SEQ,ACCESS_CTRL,ROADWAY_COUNTY,LANE_COUNT,RDWY_ORIENT,ROAD_OWNER,ROUTE,SPEED_LIMIT,SEGMENT,OFFSET,STREET_NAME
1739,2015071037,12,64,64302,64302,2015,7,5,1745,17,1,2,1,4,1,1,2,3,0,N,N,2,4,2,1,0,0,0,0,1,0,0,0,0,0,0,0,0,0,0,0,0,0,0,0,0,0,0,0,0,0,0,0,0,0,0,0,0,0,0,0,40 18:11.900,79 32:44.099,40.3033,-79.5456,1,1,4,N,,,3,N,N,,,,,,,,,,,,2015071037,0,1,1,0,0,1,0,0,0,0,0,0,0,0,0,1,0,0,0,0,1,1,0,0,0,0,0,0,0,0,0,0,0,0,0,0,0,0,0,0,0,0,0,0,0,0,0,1,0,0,0,0,0,0,1,0,0,0,0,0,0,0,0,0,0,0,0,0,1,0,0,0,0,0,0,0,0,0,0,0,0,0,0,0,0,0,0,0,0,2015071037,3,3,3,64,2,W,2,3026,35,51,2445,OTTERMAN ST
1740,2015071041,12,64,64217,68A01,2015,6,1,2307,23,2,2,1,9,1,0,0,1,0,N,N,2,3,2,1,0,0,1,0,0,0,0,0,0,0,0,0,0,0,0,0,0,0,0,0,0,0,0,0,0,0,0,0,0,0,0,0,0,0,1,0,40 16:24.980,79 28:20.690,40.2736,-79.4724,1,2,6,N,,,0,N,N,,,,,,,,,,,,2015071041,0,0,1,1,0,1,0,0,0,0,0,0,0,0,0,1,0,0,0,1,0,0,0,0,0,0,0,0,0,0,0,0,0,0,0,0,0,0,0,0,0,0,0,0,0,0,0,0,0,0,0,0,0,1,1,0,0,0,1,0,0,0,0,0,0,0,0,0,1,0,0,0,0,0,0,0,0,0,0,0,1,0,0,0,0,1,0,0,0,2015071041,3,3,,64,2,E,4,,25,,,PAUL GOOD RD
1741,2015071046,12,64,64216,68B02,2015,7,3,1520,15,1,1,0,7,1,2,0,1,0,N,N,2,2,2,1,1,0,0,0,0,0,0,0,1,0,0,1,0,0,0,0,0,0,0,0,0,0,0,0,0,0,0,4,0,0,1,0,0,0,1,0,40 12:38.368,79 44:53.054,40.2107,-79.7481,,0,,N,,,0,,N,,,,,,,,,,,,2015071046,0,1,1,0,0,0,0,0,0,0,0,0,1,1,0,0,0,1,0,0,1,0,0,1,0,0,0,0,0,0,0,0,0,0,0,1,0,0,0,0,0,0,0,0,0,0,0,0,0,0,0,0,0,0,0,0,0,0,1,0,0,0,0,0,1,0,0,0,0,0,0,0,0,1,0,0,0,0,0,0,0,1,0,0,0,1,0,0,0,2015071046,3,3,3,64,2,E,2,136,40,90,0,MAIN ST
1742,2015071131,12,64,64424,64424,2015,4,4,1528,15,1,1,0,4,1,1,3,2,0,Y,N,2,2,2,0,0,1,0,0,0,1,0,0,0,0,0,0,0,1,0,0,0,0,0,0,0,0,0,0,0,0,1,9,0,0,0,0,0,0,1,1,40 06:08.301,79 35:33.263,40.1023,-79.5926,1,2,7,Y,,,3,Y,N,,,,,,,,,,,,2015071131,0,1,1,0,0,0,0,0,0,0,0,0,0,0,0,1,0,0,0,0,1,0,1,1,1,0,0,0,0,0,0,0,0,0,0,0,0,0,0,0,0,0,0,0,0,0,0,0,0,0,0,0,0,0,0,0,0,0,1,1,0,0,1,0,0,0,0,0,1,0,0,0,0,0,1,0,0,0,0,0,0,0,0,0,0,0,0,0,0,2015071131,3,3,3,64,2,E,2,3002,25,50,765,PITTSBURGH ST
1743,2015071132,12,64,64424,64424,2015,4,7,746,7,1,1,0,7,5,2,0,2,0,N,N,1,1,1,0,0,0,0,0,1,0,0,0,1,0,0,0,1,0,0,0,0,0,0,0,0,0,0,0,0,0,0,8,0,1,0,0,0,0,0,0,40 05:36.050,79 35:50.260,40.0933,-79.5973,,0,,Y,,,0,,N,,,,,,,,,,,,2015071132,0,1,1,0,0,0,0,0,0,0,0,0,1,1,0,0,0,1,0,0,1,0,0,1,0,0,0,1,0,0,0,0,0,0,0,0,0,0,0,0,0,0,0,0,0,0,0,0,0,0,0,0,0,0,0,0,0,1,0,0,0,0,0,1,0,0,0,0,1,0,0,0,0,1,0,0,0,0,0,0,0,0,0,0,0,0,0,0,0,2015071132,3,3,3,64,3,N,2,819,55,20,0,BROADWAY AV
1744,2015071133,12,64,64424,64424,2015,6,2,1820,18,1,1,0,2,1,0,0,2,0,N,N,2,2,2,1,0,0,0,0,1,0,0,0,2,0,2,0,0,0,0,0,0,0,0,0,0,0,0,0,0,0,0,3,0,1,0,0,0,1,0,0,40 06:10.239,79 35:56.325,40.1028,-79.599,2,2,7,N,,,0,Y,N,,,,,,,,,,,,2015071133,0,1,0,0,0,0,0,0,0,0,0,1,0,0,0,0,0,1,0,1,0,0,0,0,0,0,0,0,0,0,0,0,0,0,0,0,0,0,1,0,0,0,0,0,0,0,0,0,0,0,0,0,0,0,0,0,0,1,0,0,0,0,0,0,0,0,0,1,1,0,0,0,0,1,0,0,0,0,0,0,0,0,1,0,0,0,0,0,0,2015071133,3,3,3,64,2,W,2,3002,35,40,618,PITTSBURGH ST
1745,2015071134,12,64,64424,64424,2015,7,7,1628,16,1,1,0,4,1,2,3,2,0,N,N,2,2,2,1,0,0,0,0,1,0,0,0,0,0,0,0,0,0,2,0,0,0,0,0,0,0,0,0,0,0,0,0,0,0,0,0,0,0,0,0,40 06:15.242,79 35:06.451,40.1042,-79.5851,1,2,7,N,,,3,Y,N,,,,,,,,,,,,2015071134,0,1,1,0,0,0,0,0,0,0,0,0,0,0,0,1,0,0,0,0,1,0,1,1,0,0,0,0,0,0,0,0,0,0,0,0,0,0,1,0,0,0,0,0,0,0,1,0,0,0,0,0,0,0,1,0,0,0,0,0,1,0,0,0,0,0,0,0,1,0,0,0,0,0,0,0,0,0,0,0,0,0,0,0,1,0,0,0,0,2015071134,3,3,3,64,2,N,2,819,25,30,3027,BROADWAY AV
1746,2015071173,12,64,64412,64412,2015,7,5,554,5,1,1,0,4,1,0,0,2,0,N,N,2,2,2,1,0,0,1,0,0,0,0,0,2,0,0,1,1,0,0,0,0,0,0,0,0,0,0,0,0,0,0,4,0,0,0,0,0,0,0,0,40 18:47.148,79 23:22.799,40.3131,-79.3897,2,1,2,N,,,0,Y,N,,,,,,,,,,,,2015071173,0,1,0,0,0,0,0,0,0,0,0,0,0,0,0,0,0,1,0,1,0,0,0,0,0,0,0,0,0,0,0,0,0,0,0,0,0,0,0,0,0,0,0,0,0,0,0,0,0,0,0,0,0,0,1,0,0,0,0,0,0,0,0,0,0,0,0,0,1,0,0,0,0,1,0,0,0,0,0,0,0,1,0,0,0,0,0,0,0,2015071173,3,3,3,64,2,N,2,981,25,640,2202,LLOYD AV
1747,2015071174,12,64,64302,64302,2015,7,5,619,6,1,1,0,7,5,0,0,3,0,N,N,1,1,1,0,0,0,0,0,1,0,0,0,0,0,0,0,0,0,0,0,0,0,0,0,0,0,0,0,0,0,0,0,0,0,0,0,0,0,0,0,40 18:49.194,79 32:21.584,40.3137,-79.5393,,0,,N,,,0,,N,,,,,,,,,,,,2015071174,0,0,1,1,0,0,0,0,0,0,0,0,1,1,0,1,0,0,0,1,0,0,0,0,0,0,0,0,0,1,0,0,0,0,0,0,0,0,0,0,0,0,0,0,0,0,0,0,0,0,0,0,0,0,0,1,0,0,0,0,0,0,0,0,0,0,0,0,1,0,0,0,0,0,0,0,0,0,0,0,0,0,0,0,0,0,0,0,0,2015071174,3,3,,64,2,N,4,,25,,,NORTHMONT ST
1748,2015071179,12,64,64103,64103,2015,7,5,2300,23,2,1,1,7,5,3,0,1,0,N,N,1,2,1,0,0,0,0,0,1,0,0,0,1,0,1,0,0,0,1,0,0,0,0,0,0,0,0,0,0,0,0,3,0,0,0,0,0,0,0,0,40 11:21.987,79 51:03.972,40.1896,-79.8509,2,1,2,Y,,,0,N,N,,,,,,,,,,,,2015071179,0,1,1,0,0,1,0,0,0,0,0,0,1,1,0,0,0,1,0,0,1,0,0,1,0,0,0,1,0,0,0,0,0,0,1,0,0,0,0,0,0,1,1,0,0,0,0,0,0,0,0,0,0,1,1,0,0,0,0,0,1,0,0,1,0,0,0,0,1,0,0,0,0,1,0,1,0,0,0,0,1,0,1,0,0,0,0,0,0,2015071179,3,3,3,64,2,N,2,906,35,160,1960,WEBSTER RD
1749,2015071204,12,64,64217,68A01,2015,6,6,1153,11,1,1,0,7,4,0,0,1,0,N,N,1,1,1,1,0,0,0,0,0,0,0,0,1,0,1,0,0,0,0,0,0,0,0,0,0,0,0,0,0,0,0,3,0,0,0,0,0,0,0,1,40 17:18.690,79 23:15.160,40.2885,-79.3875,,0,,N,,,0,,N,,,,,,,,,,,,2015071204,0,0,1,1,0,0,0,0,0,0,0,0,1,1,0,0,0,1,0,1,0,0,0,0,0,0,0,1,0,0,0,0,0,0,0,0,0,0,0,0,0,0,0,0,0,0,0,0,0,1,0,0,0,0,0,0,0,0,0,1,0,0,1,0,0,0,0,0,1,0,0,0,0,1,0,0,0,0,0,0,0,0,1,0,0,1,0,0,0,2015071204,3,3,,64,2,E,4,,25,,,MISSION RD
1750,2015071311,12,64,64101,64101,2015,7,6,1232,12,1,2,1,1,1,0,0,3,0,N,N,2,2,2,1,0,0,0,0,1,0,0,0,0,0,0,0,0,0,0,0,0,0,0,0,0,0,0,0,0,0,0,0,0,0,0,0,0,0,0,0,40 19:38.702,79 43:10.472,40.3274,-79.7196,,0,,N,,,0,,N,,,,,,,,,,,,2015071311,0,1,0,0,0,1,0,0,0,0,1,0,0,0,0,1,0,0,0,1,0,0,0,0,0,0,0,0,0,0,0,0,0,0,0,0,0,0,0,0,0,0,0,0,0,0,0,0,0,0,0,0,0,0,0,0,0,0,0,0,0,0,0,0,0,0,0,0,1,0,0,0,0,0,0,0,0,0,0,0,0,0,0,0,0,0,0,0,0,2015071311,3,3,3,64,2,E,2,30,40,90,1952,LINCOLN HW
1751,2015071348,12,64,64217,68A01,2015,6,1,1631,16,1,1,0,4,1,1,1,1,0,N,N,2,3,2,0,1,0,0,0,1,0,0,0,2,1,1,0,0,0,0,0,0,0,0,0,1,0,0,0,0,0,0,2,0,0,0,0,0,1,0,0,40 17:44.702,79 23:38.539,40.2958,-79.394,3,2,4,N,,,3,Y,N,,,,,,,,,,,,2015071348,0,1,1,0,0,0,0,0,0,0,0,0,0,0,0,0,1,1,0,0,1,1,0,0,0,0,0,0,0,0,0,0,0,0,0,1,0,0,0,0,0,0,0,0,0,0,1,0,0,0,0,0,0,0,1,0,0,0,0,0,0,0,0,0,0,0,0,1,1,0,0,0,0,1,0,0,0,0,0,0,0,0,1,1,1,1,0,0,0,2015071348,3,3,3,64,2,S,2,981,40,620,0,MAMMOTH PARK RD
1752,2015071384,12,64,64205,68T03,2015,7,6,130,1,2,1,1,7,4,0,0,1,0,N,N,1,1,1,0,0,0,0,0,1,0,0,0,1,0,0,1,0,0,0,0,0,0,0,0,0,0,0,0,0,0,0,4,0,0,0,0,0,0,0,0,40 06:23.018,79 14:25.368,40.1062,-79.2401,2,2,4,Y,,,0,N,Y,1,5,55,N,N,N,N,N,N,Y,N,2015071384,0,0,0,0,1,1,0,0,0,0,0,0,1,1,1,0,0,1,0,1,0,0,0,0,0,0,0,0,1,0,0,0,0,0,1,0,0,0,0,0,0,0,0,0,0,0,0,0,0,0,0,0,0,0,0,0,0,0,0,0,0,0,0,1,0,0,0,0,1,0,0,0,0,1,0,0,0,0,0,0,1,1,0,0,0,1,0,0,0,2015071384,3,3,1,64,2,W,5,7076,55,570,4752,EAST/WEST PK
1753,2015071436,12,64,64203,68A01,2015,6,5,1643,16,1,1,0,9,1,0,0,1,0,N,N,1,1,1,0,1,0,0,0,0,0,0,0,1,1,0,0,0,0,0,0,0,0,0,0,1,0,0,0,0,0,0,2,0,0,0,0,0,0,0,0,40 12:01.252,79 17:11.254,40.2003,-79.2865,1,1,5,N,,,0,N,N,,,,,,,,,,,,2015071436,0,1,0,0,0,0,0,0,1,0,0,0,0,0,0,0,1,1,0,1,0,0,0,0,0,0,1,0,0,0,0,0,0,0,0,1,0,0,0,0,0,0,0,0,0,0,0,0,0,0,0,0,0,0,0,0,0,0,0,0,0,0,0,0,0,0,0,0,1,0,0,0,0,1,0,0,1,0,0,0,0,0,0,1,0,1,0,0,0,2015071436,3,3,3,64,2,E,2,2008,40,40,2142,JEFFERSON SCHOOL RD
1754,2015071437,12,64,64206,68A01,2015,6,3,209,2,3,2,1,7,4,0,0,1,0,N,N,1,4,1,1,0,0,0,0,0,0,0,0,1,0,0,1,0,0,1,0,0,0,0,0,0,0,0,0,0,0,0,4,0,0,0,0,0,0,0,0,40 07:26.427,79 33:17.553,40.124,-79.5549,,0,,N,,,0,,N,,,,,,,,,,,,2015071437,0,1,0,0,0,1,0,0,0,0,0,0,1,1,0,0,0,1,0,1,0,0,0,0,0,0,0,0,0,0,0,0,0,0,0,0,0,0,0,0,0,1,1,0,0,0,0,0,0,0,0,0,0,0,1,0,0,0,0,0,1,0,0,0,0,0,0,0,1,0,0,0,0,1,0,1,0,0,0,0,1,1,0,0,1,1,0,0,0,2015071437,3,3,3,64,2,E,2,819,35,90,421,MT PLEASANT SCOTTDALE RD
1755,2015071438,12,64,64436,68A01,2015,6,5,1210,12,1,1,0,4,1,0,0,3,0,N,N,2,2,2,2,0,0,0,0,0,0,0,0,1,0,0,0,1,0,0,0,0,0,0,0,0,0,0,0,0,0,0,8,0,0,0,0,0,0,0,1,40 13:38.730,79 35:27.142,40.2274,-79.5909,,0,,N,,,0,,N,,,,,,,,,,,,2015071438,0,1,0,0,0,0,0,0,0,0,0,0,0,0,0,0,0,1,0,1,0,0,0,0,0,0,0,0,0,0,0,0,0,0,0,0,0,0,0,0,0,0,0,0,0,0,0,0,0,0,0,0,0,1,1,0,0,0,0,1,0,0,0,0,0,0,0,0,1,0,0,0,0,1,0,0,0,0,0,0,0,0,0,0,1,1,0,0,0,2015071438,3,3,2,64,2,N,2,119,55,170,988,YOUNGWOOD GREENSBURG RD
1756,2015071439,12,64,64205,68A01,2015,6,2,2211,22,2,1,0,7,4,0,0,1,0,N,N,2,1,2,0,0,0,1,0,0,0,0,0,0,0,0,0,0,0,0,0,0,0,0,0,0,0,0,0,0,0,0,0,0,0,0,0,0,0,0,0,40 05:21.938,79 20:32.375,40.0894,-79.3423,,0,,N,,,0,,N,,,,,,,,,,,,2015071439,0,1,0,0,0,0,0,0,0,0,0,0,1,1,0,1,0,0,0,1,0,0,0,0,0,0,0,0,0,0,0,0,0,0,0,0,0,0,0,0,0,1,1,0,0,0,0,0,0,0,0,0,0,0,0,0,0,0,0,0,0,0,0,1,0,0,0,0,1,0,1,0,0,0,0,1,0,0,0,0,1,0,0,0,0,1,0,0,0,2015071439,3,3,3,64,2,E,2,31,45,470,1751,SUMMIT RD
1757,2015071440,12,64,64204,68A01,2015,7,5,921,9,1,1,0,7,6,0,0,1,0,N,N,1,1,1,0,0,0,0,0,1,0,0,0,0,0,0,0,0,0,0,0,0,0,0,0,0,0,0,0,0,0,0,0,0,0,0,0,0,0,0,0,40 19:26.791,79 22:04.190,40.3241,-79.3678,,0,,N,,,0,,N,,,,,,,,,,,,2015071440,0,1,0,0,0,0,0,0,0,0,0,0,1,1,0,1,0,0,0,1,0,0,0,0,0,0,0,0,0,0,0,0,0,0,0,0,0,0,1,0,0,0,0,0,0,0,0,0,0,0,0,0,0,0,0,0,0,0,0,0,0,0,0,0,0,0,0,0,1,0,0,0,0,0,0,0,0,0,0,0,0,0,0,0,0,1,0,0,0,2015071440,3,3,3,64,2,W,2,1020,55,11,1281,INDUSTRIAL BL
1758,2015071441,12,64,64209,68A01,2015,7,6,1211,12,1,1,1,7,4,0,0,3,0,N,N,1,1,1,0,0,0,0,0,1,0,0,0,0,0,0,0,0,0,0,0,0,0,0,0,0,0,0,0,0,0,0,0,0,0,0,1,0,0,0,0,40 16:45.992,79 30:15.975,40.2794,-79.5044,1,1,1,N,,,0,N,N,,,,,,,,,,,,2015071441,0,0,1,1,0,1,0,0,0,0,0,0,1,1,0,1,0,0,0,1,0,0,0,0,0,0,0,1,0,0,0,0,0,0,0,0,0,0,0,0,0,0,0,0,0,0,0,0,0,0,0,0,0,0,0,0,0,0,0,0,0,0,1,0,0,1,0,0,1,0,0,0,0,0,0,0,0,0,0,0,0,0,0,0,0,1,0,0,0,2015071441,3,3,,64,2,N,4,,25,,,CASA VITA DR
1759,2015071552,12,64,64101,64101,2015,7,7,1116,11,1,1,0,4,1,2,3,3,0,N,N,2,2,2,1,0,0,0,0,1,0,0,0,1,0,0,0,1,0,0,0,0,0,0,0,0,0,0,0,0,0,0,8,0,0,0,1,0,1,0,0,40 21:48.471,79 46:24.519,40.3635,-79.7735,2,1,6,N,,,3,N,N,,,,,,,,,,,,2015071552,0,1,1,0,0,0,0,0,0,0,0,0,0,0,0,0,0,1,0,0,1,0,1,1,0,0,0,0,0,0,0,0,0,0,0,0,0,0,0,0,0,0,0,0,0,0,1,0,0,0,0,0,0,0,1,0,0,0,0,0,0,0,0,0,0,1,0,1,1,0,0,0,0,1,0,0,0,0,0,0,0,0,0,0,0,0,0,0,0,2015071552,3,3,3,64,2,E,2,30,40,10,40,LINCOLN HW
1760,2015071601,12,64,64214,68A04,2015,6,3,611,6,5,1,0,1,1,1,2,1,0,N,N,10,4,9,1,0,0,1,1,0,0,0,0,3,1,2,0,0,0,0,0,0,0,0,0,0,0,0,1,0,0,1,2,0,0,0,0,0,0,0,0,40 23:56.894,79 34:46.438,40.399,-79.5795,5,2,7,Y,,,3,Y,Y,2,4,40,Y,N,Y,N,Y,N,N,N,2015071601,0,1,1,0,0,0,0,0,0,0,1,0,0,0,1,0,1,1,0,0,1,1,0,0,0,0,0,0,0,0,0,0,0,0,0,0,0,1,0,0,0,0,0,0,0,0,0,0,0,0,0,0,0,1,1,0,0,0,0,0,0,1,0,0,0,0,0,0,1,0,1,0,0,1,1,0,0,0,0,0,0,0,1,1,0,1,0,0,0,2015071601,3,3,2,64,2,E,2,22,55,160,0,WILLIAM PENN HW
1761,2015071602,12,64,64403,68A04,2015,7,5,1140,11,1,1,0,7,4,0,0,1,0,N,N,1,1,1,0,0,0,0,0,1,0,0,0,1,0,0,1,0,0,1,0,0,0,0,0,0,0,0,0,0,0,0,4,0,0,0,0,0,0,0,0,40 31:34.376,79 28:12.787,40.5262,-79.4702,2,2,2,N,,,0,Y,N,,,,,,,,,,,,2015071602,0,1,0,0,0,0,0,0,0,0,0,0,1,1,0,0,0,1,0,1,0,0,0,0,0,0,0,1,0,0,0,0,0,0,0,0,0,0,0,0,0,0,0,0,0,0,0,0,0,0,0,0,0,0,0,0,0,0,0,0,1,0,0,1,0,0,0,0,1,0,0,0,0,1,0,0,0,0,0,0,0,1,0,0,0,1,0,0,0,2015071602,3,3,3,64,2,S,2,156,35,20,1862,SECOND ST
1762,2015071603,12,64,64214,68A04,2015,7,6,1700,17,1,1,0,1,1,0,0,1,0,N,N,2,3,2,1,0,0,0,0,1,0,0,0,0,0,0,0,0,0,0,0,0,0,0,0,0,0,0,0,0,0,0,0,0,0,0,0,0,0,0,0,40 23:59.797,79 34:58.396,40.3999,-79.5829,1,2,4,N,,,0,N,N,,,,,,,,,,,,2015071603,0,1,0,0,0,0,0,0,0,0,1,0,0,0,0,1,0,0,0,1,0,0,0,0,0,0,0,0,0,0,0,0,0,0,0,0,0,0,0,0,0,0,0,0,0,0,0,0,1,0,0,0,0,0,1,0,0,0,0,0,0,0,0,0,0,0,0,0,1,0,0,0,0,0,0,0,0,0,0,0,0,0,0,0,0,1,0,0,0,2015071603,3,3,3,64,2,W,2,22,55,151,1798,WILLIAM PENN HW
1763,2015071707,12,64,64101,64101,2015,7,1,606,6,5,1,0,5,1,0,0,3,0,N,N,2,2,2,0,0,0,1,0,1,0,0,0,1,0,0,0,1,0,0,0,0,0,0,0,0,0,0,0,0,0,0,8,0,0,0,0,0,2,0,0,40 21:11.944,79 42:05.555,40.3533,-79.7015,2,1,1,Y,,,0,N,N,,,,,,,,,,,,2015071707,0,1,0,0,0,0,0,0,0,0,0,0,0,0,0,0,0,1,0,1,0,0,0,0,0,0,0,0,1,0,0,1,0,0,0,0,0,0,0,0,0,0,0,0,0,0,0,0,0,0,0,0,0,0,0,0,0,0,0,0,0,0,0,0,0,0,0,1,1,0,0,0,0,1,0,0,0,0,0,0,0,0,0,0,0,0,0,0,0,2015071707,3,3,3,64,2,S,2,4027,40,40,1056,PAINTERTOWN RD
1764,2015071756,12,64,64210,64210,2015,7,7,1813,18,1,1,0,4,1,2,0,1,7,N,N,2,5,2,1,0,0,1,0,0,0,0,0,0,0,0,0,0,0,0,0,0,0,0,0,0,0,0,0,0,0,0,0,0,0,0,0,0,0,0,0,40 15:41.382,79 16:07.555,40.2615,-79.2688,2,1,3,N,,,0,N,N,,,,,,,,,,,,2015071756,0,1,0,0,0,0,0,0,0,0,0,0,0,0,0,1,0,0,0,0,1,0,0,1,0,0,0,0,0,0,0,0,0,0,0,0,0,0,0,0,0,0,0,0,0,0,0,0,0,0,0,0,0,0,1,0,0,0,0,0,0,0,0,0,0,0,0,0,1,0,0,0,0,0,0,0,0,0,0,0,0,0,0,0,1,0,0,0,0,2015071756,3,3,3,64,2,E,2,30,55,630,1800,LINCOLN HW
1765,2015071800,12,64,64209,68A01,2015,6,6,1213,12,1,1,0,1,1,1,2,3,0,N,N,2,2,2,0,0,0,0,2,0,0,0,0,0,0,0,0,0,0,0,0,0,0,0,0,0,0,0,0,0,0,2,0,0,0,0,0,0,1,0,0,40 18:39.168,79 37:05.199,40.3108,-79.6184,2,1,4,N,,,3,N,N,,,,,,,,,,,,2015071800,0,1,1,0,0,0,0,0,0,0,1,0,0,0,0,1,0,0,0,0,1,1,0,0,0,0,0,0,0,0,0,0,0,0,0,0,0,1,0,0,0,0,0,0,0,0,0,0,1,0,0,0,0,0,1,0,0,0,0,0,0,0,0,0,0,0,0,1,1,0,0,0,0,0,1,0,0,0,0,0,0,0,0,0,0,1,0,0,0,2015071800,3,3,3,64,2,E,2,30,45,210,0,LINCOLN HW
1766,2015071801,12,64,64204,68A01,2015,7,5,858,8,1,1,0,4,1,1,2,1,0,N,N,2,2,2,0,0,0,0,0,1,1,0,0,2,0,2,0,0,0,0,0,0,0,0,0,0,0,0,0,0,0,0,3,0,0,0,0,0,2,0,0,40 19:26.004,79 22:20.211,40.3239,-79.3723,3,2,1,N,,,3,Y,N,,,,,,,,,,,,2015071801,0,1,0,0,0,0,0,0,0,0,0,0,0,0,0,0,0,1,0,0,1,1,0,0,0,0,0,0,0,0,0,0,0,0,0,0,0,0,0,0,0,0,0,0,0,0,0,1,0,0,0,0,0,0,1,0,0,0,0,0,0,0,0,0,0,0,0,1,1,0,0,0,0,1,0,0,0,0,0,0,0,0,1,0,0,1,0,0,0,2015071801,3,3,3,64,2,N,2,981,50,680,1760,LATROBE DERRY RD
1767,2015071834,12,64,64217,68A01,2015,6,6,2038,20,4,1,0,1,1,2,2,1,0,N,N,2,3,2,2,0,0,0,0,0,0,0,0,1,0,0,1,0,0,1,0,0,0,0,0,0,0,0,0,0,0,0,4,0,0,0,0,0,0,0,0,40 17:49.995,79 28:45.631,40.2971,-79.4794,,0,,N,,,3,,N,,,,,,,,,,,,2015071834,0,1,1,0,0,0,0,0,0,0,1,0,0,0,0,0,0,1,0,0,1,1,0,0,0,0,0,0,0,0,0,0,0,0,0,0,0,0,0,0,0,1,1,0,0,0,0,0,1,0,0,0,0,0,1,0,0,0,0,0,1,0,0,0,0,0,0,0,1,0,0,0,0,1,0,1,0,0,0,0,0,1,0,0,0,1,0,0,0,2015071834,3,3,3,64,2,E,2,30,50,380,2840,LINCOLN HW