_id,CRASH_CRN,DISTRICT,CRASH_COUNTY,MUNICIPALITY,POLICE_AGCY,CRASH_YEAR,CRASH_MONTH,DAY_OF_WEEK,TIME_OF_DAY,HOUR_OF_DAY,ILLUMINATION,WEATHER,ROAD_CONDITION,COLLISION_TYPE,RELATION_TO_ROAD,INTERSECT_TYPE,TCD_TYPE,URBAN_RURAL,LOCATION_TYPE,SCH_BUS_IND,SCH_ZONE_IND,TOTAL_UNITS,PERSON_COUNT,VEHICLE_COUNT,AUTOMOBILE_COUNT,MOTORCYCLE_COUNT,BUS_COUNT,SMALL_TRUCK_COUNT,HEAVY_TRUCK_COUNT,SUV_COUNT,VAN_COUNT,BICYCLE_COUNT,FATAL_COUNT,INJURY_COUNT,MAJ_INJ_COUNT,MOD_INJ_COUNT,MIN_INJ_COUNT,UNK_INJ_DEG_COUNT,UNK_INJ_PER_COUNT,UNBELTED_OCC_COUNT,UNB_DEATH_COUNT,UNB_MAJ_INJ_COUNT,BELTED_DEATH_COUNT,BELTED_MAJ_INJ_COUNT,MCYCLE_DEATH_COUNT,MCYCLE_MAJ_INJ_COUNT,BICYCLE_DEATH_COUNT,BICYCLE_MAJ_INJ_COUNT,PED_COUNT,PED_DEATH_COUNT,PED_MAJ_INJ_COUNT,COMM_VEH_COUNT,MAX_SEVERITY_LEVEL,DRIVER_COUNT_16YR,DRIVER_COUNT_17YR,DRIVER_COUNT_18YR,DRIVER_COUNT_19YR,DRIVER_COUNT_20YR,DRIVER_COUNT_50_64YR,DRIVER_COUNT_65_74YR,DRIVER_COUNT_75PLUS,LATITUDE,LONGITUDE,DEC_LAT,DEC_LONG,EST_HRS_CLOSED,LANE_CLOSED,LN_CLOSE_DIR,NTFY_HIWY_MAINT,RDWY_SURF_TYPE_CD,SPEC_JURIS_CD,TCD_FUNC_CD,TFC_DETOUR_IND,WORK_ZONE_IND,WORK_ZONE_TYPE,WORK_ZONE_LOC,CONS_ZONE_SPD_LIM,WORKERS_PRES,WZ_CLOSE_DETOUR,WZ_FLAGGER,WZ_LAW_OFFCR_IND,WZ_LN_CLOSURE,WZ_MOVING,WZ_OTHER,WZ_SHLDER_MDN,FLAG_CRN,INTERSTATE,STATE_ROAD,LOCAL_ROAD,LOCAL_ROAD_ONLY,TURNPIKE,WET_ROAD,SNOW_SLUSH_ROAD,ICY_ROAD,SUDDEN_DEER,SHLDR_RELATED,REAR_END,HO_OPPDIR_SDSWP,HIT_FIXED_OBJECT,SV_RUN_OFF_RD,WORK_ZONE,PROPERTY_DAMAGE_ONLY,FATAL_OR_MAJ_INJ,INJURY,FATAL,NON_INTERSECTION,INTERSECTION,SIGNALIZED_INT,STOP_CONTROLLED_INT,UNSIGNALIZED_INT,SCHOOL_BUS,SCHOOL_ZONE,HIT_DEER,HIT_TREE_SHRUB,HIT_EMBANKMENT,HIT_POLE,HIT_GDRAIL,HIT_GDRAIL_END,HIT_BARRIER,HIT_BRIDGE,OVERTURNED,MOTORCYCLE,BICYCLE,HVY_TRUCK_RELATED,VEHICLE_FAILURE,TRAIN_TROLLEY,PHANTOM_VEHICLE,ALCOHOL_RELATED,DRINKING_DRIVER,UNDERAGE_DRNK_DRV,UNLICENSED,CELL_PHONE,NO_CLEARANCE,RUNNING_RED_LT,TAILGATING,CROSS_MEDIAN,CURVE_DVR_ERROR,LIMIT_65MPH,SPEEDING,SPEEDING_RELATED,AGGRESSIVE_DRIVING,FATIGUE_ASLEEP,DRIVER_16YR,DRIVER_17YR,DRIVER_65_74YR,DRIVER_75PLUS,UNBELTED,PEDESTRIAN,DISTRACTED,CURVED_ROAD,DRIVER_18YR,DRIVER_19YR,DRIVER_20YR,DRIVER_50_64YR,VEHICLE_TOWED,FIRE_IN_VEHICLE,HIT_PARKED_VEHICLE,MC_DRINKING_DRIVER,DRUGGED_DRIVER,INJURY_OR_FATAL,COMM_VEHICLE,IMPAIRED_DRIVER,DEER_RELATED,DRUG_RELATED,HAZARDOUS_TRUCK,ILLEGAL_DRUG_RELATED,ILLUMINATION_DARK,MINOR_INJURY,MODERATE_INJURY,MAJOR_INJURY,NHTSA_AGG_DRIVING,PSP_REPORTED,RUNNING_STOP_SIGN,TRAIN,TROLLEY,ROADWAY_CRN,RDWY_SEQ_NUM,ADJ_RDWY_SEQ,ACCESS_CTRL,ROADWAY_COUNTY,LANE_COUNT,RDWY_ORIENT,ROAD_OWNER,ROUTE,SPEED_LIMIT,SEGMENT,OFFSET,STREET_NAME
1912,2015077867,12,64,64209,68A01,2015,7,6,1242,12,1,1,0,4,1,1,2,3,0,N,N,2,7,2,0,0,0,0,0,0,2,0,0,1,0,0,1,0,0,1,0,0,0,0,0,0,0,0,0,0,0,0,4,0,0,0,0,0,1,0,0,40 15:49.344,79 33:53.380,40.2637,-79.5648,2,1,1,N,,,3,Y,N,,,,,,,,,,,,2015077867,0,1,1,0,0,0,0,0,0,0,0,0,0,0,0,0,0,1,0,0,1,1,0,0,0,0,0,0,0,0,0,0,0,0,0,0,0,0,0,0,0,0,0,0,0,0,0,1,0,0,0,0,0,0,1,0,0,0,0,0,1,0,0,0,0,0,0,1,1,0,0,0,0,1,0,0,0,0,0,0,0,1,0,0,0,1,0,0,0,2015077867,3,3,3,64,2,N,2,119,45,250,560,MAIN ST
1913,2015077868,12,64,64206,68A01,2015,7,1,2211,22,2,1,0,2,1,1,2,1,0,N,N,2,2,2,0,0,0,2,0,0,0,0,0,1,0,0,1,0,0,0,0,0,0,0,0,0,0,0,0,0,0,0,4,0,0,0,0,0,0,0,0,40 09:17.164,79 33:41.814,40.1547,-79.5617,3,1,3,N,,,3,N,N,,,,,,,,,,,,2015077868,0,1,0,0,0,0,0,0,0,0,0,1,0,0,0,0,0,1,0,0,1,1,0,0,0,0,0,0,0,0,0,0,0,0,0,0,0,0,0,0,0,0,0,0,0,0,0,1,0,0,0,0,0,0,1,0,0,0,0,0,0,0,0,0,0,0,0,0,1,0,0,0,0,1,0,0,0,0,0,0,1,1,0,0,0,1,0,0,0,2015077868,3,3,3,64,2,E,2,31,55,230,2275,RUFFSDALE MT PLEASANT RD
1914,2015077870,12,64,64211,68A04,2015,6,3,1737,17,1,1,0,1,1,0,0,1,0,N,N,2,2,2,2,0,0,0,0,0,0,0,0,0,0,0,0,0,0,0,0,0,0,0,0,0,0,0,0,0,0,0,0,0,0,0,0,0,0,0,0,40 29:20.368,79 27:37.602,40.489,-79.4604,,0,,N,,,0,,N,,,,,,,,,,,,2015077870,0,1,0,0,0,0,0,0,0,0,1,0,0,0,0,1,0,0,0,1,0,0,0,0,0,0,0,0,0,0,0,0,0,0,0,0,0,0,0,0,0,0,0,0,0,0,0,0,0,0,0,0,0,0,1,0,0,0,0,0,0,0,0,0,0,0,0,0,1,0,0,0,0,0,0,0,0,0,0,0,0,0,0,0,0,1,0,0,0,2015077870,3,3,3,64,2,W,2,286,40,280,1095,SALTSBURG RD
1915,2015077871,12,64,64202,68A04,2015,7,6,549,5,5,1,0,7,4,0,0,1,0,N,N,1,1,1,1,0,0,0,0,0,0,0,0,1,0,1,0,0,0,1,0,0,0,0,0,0,0,0,0,0,0,0,3,0,0,0,0,0,0,0,0,40 31:42.886,79 31:18.873,40.5286,-79.5219,2,1,2,Y,,,0,N,N,,,,,,,,,,,,2015077871,0,1,0,0,0,0,0,0,0,0,0,0,1,1,0,0,0,1,0,1,0,0,0,0,0,0,0,0,0,0,1,0,0,0,0,0,0,0,0,0,0,0,0,0,0,0,0,0,0,0,0,0,1,1,1,1,0,0,0,0,1,0,0,0,0,0,0,0,1,0,0,0,0,1,0,0,0,0,0,0,0,0,1,0,0,1,0,0,0,2015077871,3,3,3,64,2,S,2,819,55,670,1820,BELL POINT RD
1916,2015077872,12,64,64103,68B02,2015,7,3,1056,10,1,1,0,4,1,2,3,1,2,N,N,2,2,2,1,0,0,1,0,0,0,0,0,0,0,0,0,0,0,0,0,0,0,0,0,0,0,0,0,0,0,0,0,0,0,0,1,0,0,0,0,40 10:56.767,79 48:16.426,40.1822,-79.8047,,0,,N,,,3,,N,,,,,,,,,,,,2015077872,0,1,0,0,0,0,0,0,0,0,0,0,0,0,0,1,0,0,0,0,1,0,1,1,0,0,0,0,0,0,0,0,0,0,0,0,0,0,0,0,0,0,0,0,0,0,0,0,0,0,0,0,0,0,1,0,0,0,0,0,0,0,0,0,0,1,0,0,1,0,0,0,0,0,0,0,0,0,0,0,0,0,0,0,0,1,0,0,0,2015077872,3,3,3,64,3,S,2,201,35,120,520,ROSTRAVER RD
1917,2015077945,12,64,64101,68T09,2015,7,3,1845,18,1,1,0,5,1,0,0,3,0,N,N,2,5,2,0,0,0,0,0,2,0,0,0,4,0,0,4,0,0,0,0,0,0,0,0,0,0,0,0,0,0,0,4,0,0,0,0,0,1,1,0,40 20:16.486,79 41:32.013,40.3378,-79.6922,1,2,4,N,,,0,N,N,,,,,,,,,,,,2015077945,0,0,0,0,1,0,0,0,0,0,0,0,0,0,0,0,0,1,0,1,0,0,0,0,0,0,0,0,0,0,1,0,1,0,0,0,0,0,0,0,0,0,0,0,0,0,0,0,0,0,0,1,0,0,1,0,0,0,1,0,0,0,0,1,0,0,0,1,1,0,0,0,0,1,0,0,0,0,0,0,0,1,0,0,0,1,0,0,0,2015077945,3,3,1,64,4,W,5,7076,65,130,1584,EAST/WEST TU
1918,2015078031,12,64,64402,68A01,2015,7,2,232,2,3,1,0,7,4,0,0,3,0,N,N,1,1,1,1,0,0,0,0,0,0,0,0,0,0,0,0,0,0,0,0,0,0,0,0,0,0,0,0,0,0,0,0,0,0,0,0,0,0,0,0,40 15:53.076,79 39:17.790,40.2647,-79.6549,2,2,1,N,,,0,Y,N,,,,,,,,,,,,2015078031,0,1,0,0,0,0,0,0,0,0,0,0,1,1,0,1,0,0,0,1,0,0,0,0,0,0,0,1,0,0,0,0,0,0,0,0,0,0,0,0,0,0,0,0,0,0,0,0,0,0,0,0,0,0,0,0,0,0,0,0,0,0,0,1,0,0,0,0,1,0,0,0,0,0,0,0,0,0,0,0,1,0,0,0,0,1,0,0,0,2015078031,3,3,3,64,2,B,2,3071,45,90,1724,ARONA RD
1919,2015078032,12,64,64209,68A01,2015,7,7,1703,17,1,1,0,1,1,0,0,3,0,N,N,4,9,4,2,0,0,0,0,2,0,0,0,0,0,0,0,0,0,0,0,0,0,0,0,0,0,0,0,0,0,0,0,0,0,0,0,0,2,1,0,40 18:20.562,79 34:38.509,40.3057,-79.5774,,0,,N,,,0,,N,,,,,,,,,,,,2015078032,0,1,0,0,0,0,0,0,0,0,1,0,0,0,0,1,0,0,0,1,0,0,0,0,0,0,0,0,0,0,0,0,0,0,0,0,0,0,1,0,0,0,0,0,0,0,0,0,0,0,0,0,0,0,0,0,0,0,1,0,0,0,0,0,0,0,0,1,1,0,0,0,0,0,0,0,0,0,0,0,0,0,0,0,0,1,0,0,0,2015078032,3,3,3,64,2,E,2,30,45,250,2389,LINCOLN HW
1920,2015078033,12,64,64209,68A01,2015,7,2,744,7,1,1,0,7,4,0,0,3,0,N,N,1,1,1,1,0,0,0,0,0,0,0,0,1,0,0,1,0,0,0,0,0,0,0,0,0,0,0,0,0,0,0,4,0,0,0,0,0,1,0,0,40 16:35.810,79 31:42.800,40.2766,-79.5286,,0,,N,,,0,,N,,,,,,,,,,,,2015078033,0,0,1,1,0,0,0,0,0,0,0,0,1,1,0,0,0,1,0,1,0,0,0,0,0,0,0,0,0,0,0,0,0,0,0,0,0,0,0,0,0,0,0,0,0,0,0,0,0,0,0,0,0,1,1,0,0,0,0,0,0,0,0,0,0,0,0,1,1,0,0,0,0,1,0,0,0,0,0,0,0,1,0,0,0,1,0,0,0,2015078033,3,3,,64,2,S,3,,25,,,MOUNT PLEASANT RD
1921,2015078209,12,64,64420,64420,2015,7,1,50,0,3,1,0,5,6,0,0,3,0,N,N,3,2,3,1,0,0,0,0,0,0,0,0,2,0,0,1,1,0,2,0,0,0,0,0,0,0,0,0,0,0,0,4,0,0,0,0,0,0,0,0,40 07:50.152,79 51:51.937,40.1306,-79.8644,2,2,4,N,,,0,N,N,,,,,,,,,,,,2015078209,0,0,1,1,0,0,0,0,0,0,0,0,0,0,0,0,0,1,0,1,0,0,0,0,0,0,0,0,0,0,0,0,0,0,0,0,0,0,0,0,0,0,0,0,0,0,0,0,0,0,0,0,1,1,1,0,0,0,0,0,1,0,0,0,0,0,0,0,1,0,1,0,1,1,0,1,0,1,0,1,1,1,0,0,0,0,0,0,0,2015078209,3,3,,64,2,W,4,,25,,,BROAD AV
1922,2015078335,12,64,64215,68A01,2015,7,6,619,6,5,2,1,7,5,0,0,1,0,N,N,1,1,1,1,0,0,0,0,0,0,0,1,0,0,0,0,0,0,0,0,0,1,0,0,0,0,0,0,0,0,0,1,0,0,0,0,0,0,0,0,40 15:34.287,79 43:47.544,40.2595,-79.7299,3,1,3,N,2,0,0,N,N,,,,,,,,,,,,2015078335,0,1,0,0,0,1,0,0,0,0,0,0,1,1,0,0,1,0,1,1,0,0,0,0,0,0,0,1,0,0,0,0,0,0,1,0,0,0,0,0,0,0,0,0,0,0,0,0,0,0,0,0,0,1,1,0,0,0,0,0,0,0,0,1,0,0,0,0,1,0,0,0,0,1,0,0,0,0,0,0,0,0,0,0,0,1,0,0,0,2015078335,3,3,3,64,2,E,2,3016,35,80,1573,LOWBER RD
1923,2015078336,12,64,64217,68A01,2015,7,7,2025,20,4,1,0,0,1,0,0,1,0,N,N,1,1,1,0,1,0,0,0,0,0,0,1,0,0,0,0,0,0,0,0,0,0,0,1,0,0,0,0,0,0,0,1,0,0,0,0,0,0,0,0,40 15:52.104,79 27:24.743,40.2645,-79.4569,4,2,5,N,2,0,0,Y,N,,,,,,,,,,,,2015078336,0,1,0,0,0,0,0,0,0,0,0,0,0,1,0,0,1,0,1,1,0,0,0,0,0,0,0,0,0,0,0,0,0,0,0,1,0,0,0,0,0,1,1,0,0,0,0,0,0,0,0,0,0,0,0,0,0,0,0,0,0,0,0,0,0,0,0,0,1,0,0,1,0,1,0,1,0,0,0,0,0,0,0,0,0,1,0,0,0,2015078336,3,3,3,64,2,S,2,2019,35,30,1306,MARGUERITE RD
1924,2015078337,12,64,64204,68A01,2015,7,3,2223,22,2,1,0,7,4,0,0,1,0,N,N,1,1,1,1,0,0,0,0,0,0,0,0,0,0,0,0,0,0,0,0,0,0,0,0,0,0,0,0,0,0,0,0,0,0,0,0,0,0,0,0,40 24:45.059,79 14:48.673,40.4125,-79.2469,2,1,3,N,,,0,Y,N,,,,,,,,,,,,2015078337,0,1,0,0,0,0,0,0,0,0,0,0,1,1,0,1,0,0,0,1,0,0,0,0,0,0,0,0,0,0,0,0,0,0,0,0,0,0,0,0,0,0,0,0,0,0,0,0,0,0,0,0,1,1,1,0,0,0,0,0,0,0,0,0,0,0,0,0,1,0,0,0,0,0,0,0,0,0,0,0,1,0,0,0,1,1,0,0,0,2015078337,3,3,3,64,2,W,2,1014,40,20,1716,TORRANCE RD
1925,2015078338,12,64,64206,68A01,2015,7,2,1423,14,1,1,0,4,1,1,3,1,0,Y,N,2,4,2,1,0,1,0,0,0,0,0,0,0,0,0,0,0,0,0,0,0,0,0,0,0,0,0,0,0,0,1,0,0,0,0,0,0,1,0,0,40 10:33.819,79 37:25.062,40.1761,-79.6236,2,1,4,N,,,3,N,N,,,,,,,,,,,,2015078338,0,1,1,0,0,0,0,0,0,0,0,0,0,0,0,1,0,0,0,0,1,0,1,1,1,0,0,0,0,0,0,0,0,0,0,0,0,0,0,0,0,0,0,0,0,0,1,0,0,0,0,0,0,0,1,0,0,0,0,0,0,0,0,0,0,0,0,1,1,0,0,0,0,0,1,0,0,0,0,0,0,0,0,0,0,1,0,0,0,2015078338,3,3,3,64,2,W,2,31,45,160,0,MOUNT PLEASANT RD
1926,2015078394,12,64,64210,64210,2015,7,3,2146,21,2,1,0,7,5,0,0,1,0,N,N,1,1,1,1,0,0,0,0,0,0,0,0,0,0,0,0,0,0,0,0,0,0,0,0,0,0,0,0,0,0,0,0,0,1,0,0,0,0,0,0,40 14:59.540,79 14:47.330,40.2499,-79.2465,,0,,N,,,0,,N,,,,,,,,,,,,2015078394,0,1,0,0,0,0,0,0,1,0,0,0,1,1,0,1,0,0,0,1,0,0,0,0,0,0,0,0,0,0,0,0,0,0,0,0,0,0,0,0,0,0,0,0,0,0,0,0,0,0,0,0,0,0,0,0,0,1,0,0,0,0,0,0,0,0,0,0,1,0,0,0,0,0,0,0,1,0,0,0,1,0,0,0,0,0,0,0,0,2015078394,3,3,3,64,2,S,2,1021,45,10,372,SPRINGER RD
1927,2015078601,12,64,64102,64102,2015,7,5,2122,21,3,1,0,2,1,1,2,3,0,N,N,2,4,2,0,0,0,0,0,2,0,0,0,0,0,0,0,0,0,2,0,0,0,0,0,0,0,0,0,0,0,0,0,0,0,0,0,1,1,0,0,40 22:03.869,79 40:39.857,40.3677,-79.6777,1,1,4,N,,,3,N,N,,,,,,,,,,,,2015078601,0,1,1,0,0,0,0,0,0,0,0,1,0,0,0,1,0,0,0,0,1,1,0,0,0,0,0,0,0,0,0,0,0,0,0,0,0,0,0,0,0,0,0,0,0,0,0,0,0,0,0,0,0,0,1,0,0,0,0,0,1,0,0,0,0,0,1,1,1,0,0,0,0,0,0,0,0,0,0,0,1,0,0,0,0,0,0,0,0,2015078601,3,3,3,64,2,E,2,130,55,132,555,SR 0130 HW
1928,2015078717,12,64,64204,68A04,2015,7,5,1712,17,1,1,0,1,1,0,0,1,0,N,N,2,4,2,0,0,0,0,0,1,1,0,0,1,0,0,0,1,0,0,0,0,0,0,0,0,0,0,0,0,0,0,8,0,1,0,0,0,0,0,0,40 23:58.077,79 25:11.394,40.3995,-79.4198,,0,,N,,,0,,N,,,,,,,,,,,,2015078717,0,1,0,0,0,0,0,0,0,0,1,0,0,0,0,0,0,1,0,1,0,0,0,0,0,0,0,0,0,0,0,0,0,0,0,0,0,0,0,0,0,0,0,0,0,0,0,0,1,0,0,0,0,0,1,0,0,1,0,0,0,0,0,0,0,0,0,0,0,0,0,0,0,1,0,0,0,0,0,0,0,0,0,0,0,1,0,0,0,2015078717,3,3,3,64,2,W,2,22,45,331,719,WILLIAM PENN HW
1929,2015078821,12,64,64102,64102,2015,7,6,1726,17,1,1,0,8,1,1,2,3,0,N,N,2,2,1,0,0,0,0,0,1,0,0,0,1,0,0,0,1,0,0,0,0,0,0,0,0,0,0,1,0,0,0,8,0,0,0,0,0,1,0,0,40 22:03.869,79 40:39.857,40.3677,-79.6777,,0,,N,,,3,,N,,,,,,,,,,,,2015078821,0,1,1,0,0,0,0,0,0,0,0,0,0,0,0,0,0,1,0,0,1,1,0,0,0,0,0,0,0,0,0,0,0,0,0,0,0,0,0,0,0,0,0,0,0,0,0,0,0,0,0,0,0,0,0,0,0,0,0,0,0,1,0,0,0,0,0,1,0,0,0,0,0,1,0,0,0,0,0,0,0,0,0,0,0,0,0,0,0,2015078821,3,3,3,64,2,E,2,130,55,132,555,SR 0130 HW
1930,2015078865,12,64,64437,64437,2015,8,7,201,2,3,1,0,1,1,1,2,3,0,N,N,2,5,2,1,0,0,0,0,1,0,0,0,1,0,0,1,0,0,0,0,0,0,0,0,0,0,0,0,0,0,0,4,0,0,0,0,0,0,0,0,40 25:10.348,79 39:13.249,40.4195,-79.6537,2,1,3,N,,,3,Y,N,,,,,,,,,,,,2015078865,0,1,1,0,0,0,0,0,0,0,1,0,0,0,0,0,0,1,0,0,1,1,0,0,0,0,0,0,0,0,0,0,0,0,0,0,0,0,0,0,0,0,0,0,0,0,0,0,0,0,0,0,0,0,0,0,0,0,0,0,0,0,0,0,0,0,0,0,1,0,0,0,0,1,0,0,0,0,0,0,1,1,0,0,0,0,0,0,0,2015078865,3,3,3,64,2,E,2,22,45,60,2460,WILLIAM PENN HW
1931,2015078870,12,64,64437,64437,2015,8,7,148,1,3,1,0,1,1,1,2,3,0,N,N,2,3,2,0,0,0,1,0,1,0,0,0,1,0,1,0,0,0,0,0,0,0,0,0,0,0,0,0,0,0,0,3,0,0,0,0,0,0,0,0,40 24:44.933,79 37:50.458,40.4125,-79.6307,3,2,2,N,,,3,Y,N,,,,,,,,,,,,2015078870,0,1,1,0,0,0,0,0,0,0,1,0,0,0,0,0,0,1,0,0,1,1,0,0,0,0,0,0,0,0,0,0,0,0,0,0,0,0,0,0,0,0,0,0,0,0,0,0,0,0,0,0,0,0,0,0,0,0,0,0,0,0,1,0,0,0,0,0,1,0,0,0,0,1,0,0,0,0,0,0,1,0,1,0,0,0,0,0,0,2015078870,3,3,3,64,2,E,2,22,55,100,0,WILLIAM PENN HW
1932,2015078879,12,64,64217,68B04,2015,6,7,2312,23,2,1,0,7,2,0,0,1,0,N,N,1,1,1,0,0,0,0,0,1,0,0,0,1,0,0,1,0,0,0,0,0,0,0,0,0,0,0,0,0,0,0,4,0,0,0,0,0,0,0,0,,,,,3,1,1,N,,,0,N,N,,,,,,,,,,,,2015078879,0,1,0,0,0,0,0,0,0,0,0,0,1,1,0,0,0,1,0,1,0,0,0,0,0,0,0,0,0,1,0,0,0,0,0,0,0,0,0,0,0,0,0,0,0,0,0,0,0,0,0,0,0,0,0,0,0,0,0,0,0,0,0,1,0,0,0,0,1,0,0,0,0,1,0,0,0,0,0,0,1,1,0,0,0,1,0,0,0,2015078879,3,3,,64,2,N,2,711,35,,,COUNTY LINE RD
1933,2015078880,12,64,64422,68A04,2015,7,3,1500,15,1,1,0,4,1,1,3,3,0,N,N,3,3,3,1,0,0,0,0,0,1,0,0,2,0,0,2,0,0,0,0,0,0,0,0,0,0,0,0,0,0,0,4,0,0,0,0,0,1,0,0,40 34:40.370,79 34:09.678,40.5779,-79.5694,,0,,N,,,3,,N,,,,,,,,,,,,2015078880,0,1,1,0,0,0,0,0,0,0,0,0,0,0,0,0,0,1,0,0,1,0,1,1,0,0,0,0,0,0,0,0,0,0,0,0,0,0,0,0,0,0,0,0,0,0,0,0,0,0,0,0,0,0,1,0,0,0,0,0,0,0,0,0,0,0,0,1,1,0,1,0,0,1,0,0,0,0,0,0,0,1,0,0,0,1,1,0,0,2015078880,3,3,3,64,2,N,2,66,35,430,1435,SR 0066 SH
1934,2015078881,12,64,64214,68A04,2015,7,6,1123,11,1,1,0,7,4,0,0,1,0,N,N,2,1,2,0,0,0,1,0,0,0,0,0,1,0,0,0,1,0,0,0,0,0,0,0,0,0,0,0,0,0,0,8,0,0,0,0,1,0,0,0,40 22:51.147,79 34:22.311,40.3809,-79.5729,4,2,5,N,,,0,Y,N,,,,,,,,,,,,2015078881,0,1,0,0,0,0,0,0,0,0,0,0,1,1,0,0,0,1,0,1,0,0,0,0,0,0,0,0,0,1,0,0,0,0,0,0,0,0,0,0,0,0,0,0,0,0,0,0,0,0,0,0,0,0,0,0,0,0,0,0,0,0,1,0,0,0,1,0,1,0,1,0,0,1,0,0,0,0,0,0,0,0,0,0,0,1,0,0,0,2015078881,3,3,3,64,2,N,2,66,45,130,15,BUSINESS RT 66 RD
1935,2015079027,12,64,64201,64201,2015,8,7,1526,15,1,1,0,1,1,1,2,1,0,N,N,5,6,5,2,1,0,0,0,1,1,0,0,1,0,0,1,0,0,0,0,0,0,0,0,0,0,0,0,0,0,0,4,0,0,0,1,0,3,1,0,40 37:21.113,79 38:20.111,40.6225,-79.6389,2,1,2,N,,,3,N,N,,,,,,,,,,,,2015079027,0,1,1,0,0,0,0,0,0,0,1,0,0,0,0,0,0,1,0,0,1,1,0,0,0,0,0,0,0,0,0,0,0,0,0,1,0,0,0,0,0,0,0,0,0,0,0,0,0,0,0,0,0,0,0,0,0,0,1,0,0,0,0,0,0,1,0,1,1,0,0,0,0,1,0,0,0,0,0,0,0,1,0,0,0,0,0,0,0,2015079027,3,3,3,64,2,S,2,356,45,142,0,GARVERS FERRY RD
1936,2015079103,12,64,64101,64101,2015,7,6,1142,11,1,1,0,9,1,2,2,3,0,N,N,2,3,2,0,1,0,0,0,0,1,0,0,1,0,0,1,0,0,0,0,0,0,0,0,0,0,0,0,0,0,0,4,0,0,0,0,0,1,0,0,40 20:47.463,79 43:35.011,40.3465,-79.7264,1,1,5,N,,,3,N,N,,,,,,,,,,,,2015079103,0,1,1,0,0,0,0,0,0,0,0,0,0,0,0,0,0,1,0,0,1,1,0,0,0,0,0,0,0,0,0,0,0,0,0,1,0,0,0,0,0,0,0,0,0,0,0,0,0,0,0,0,0,0,1,0,0,0,0,0,0,0,0,0,0,0,0,1,1,0,0,0,0,1,0,0,0,0,0,0,0,1,0,0,0,0,0,0,0,2015079103,3,3,3,64,2,S,2,993,45,70,2155,IRWIN TRAFFORD RD
1937,2015079176,12,64,64102,64102,2015,8,1,1153,11,1,1,0,0,5,0,0,3,0,N,N,1,2,1,0,1,0,0,0,0,0,0,0,2,1,0,0,1,0,0,0,0,0,0,0,1,0,0,0,0,0,0,2,0,0,0,0,0,0,0,0,40 23:03.900,79 38:21.100,40.3844,-79.6392,2,2,5,N,,,0,Y,N,,,,,,,,,,,,2015079176,0,0,1,1,0,0,0,0,0,0,0,0,0,1,0,0,1,1,0,1,0,0,0,0,0,0,0,0,0,0,1,0,0,0,0,1,0,0,1,0,0,0,0,0,0,0,0,0,0,0,1,0,0,1,1,0,0,0,0,0,0,0,0,1,0,0,0,0,1,0,0,0,0,1,0,0,0,0,0,0,0,0,0,1,0,0,0,0,0,2015079176,3,3,,64,2,N,3,,35,,,HARRISON CITY EXPORT RD
1938,2015079179,12,64,64437,64437,2015,8,1,1203,12,1,1,0,1,1,0,0,3,7,N,N,2,3,2,2,0,0,0,0,0,0,0,0,1,0,0,0,1,0,0,0,0,0,0,0,0,0,0,0,0,0,0,8,0,0,0,0,0,2,0,0,40 26:44.822,79 40:47.838,40.4458,-79.68,1,2,1,N,,,0,N,N,,,,,,,,,,,,2015079179,0,0,1,1,0,0,0,0,0,0,1,0,0,0,0,0,0,1,0,1,0,0,0,0,0,0,0,0,0,0,0,0,0,0,0,0,0,0,0,0,0,0,0,0,0,0,0,0,1,0,0,0,0,0,1,0,0,0,0,0,0,0,0,0,0,0,0,1,1,0,0,0,0,1,0,0,0,0,0,0,0,0,0,0,0,0,0,0,0,2015079179,3,3,,64,2,N,4,,35,,,SARDIS RD
1939,2015079189,12,64,64411,64411,2015,8,1,1450,14,1,1,0,1,1,0,0,3,0,N,N,3,5,3,2,0,0,0,0,1,0,0,0,0,0,0,0,0,0,0,0,0,0,0,0,0,0,0,0,0,0,0,0,0,0,1,0,0,1,0,0,40 17:58.222,79 32:35.709,40.2995,-79.5433,,0,,N,,,0,,N,,,,,,,,,,,,2015079189,0,1,0,0,0,0,0,0,0,0,1,0,0,0,0,1,0,0,0,1,0,0,0,0,0,0,0,0,0,0,0,0,0,0,0,0,0,0,0,0,0,0,0,0,0,0,0,0,0,0,0,0,0,0,0,0,0,0,0,0,0,0,0,0,1,0,0,1,1,0,0,0,0,0,0,0,0,0,0,0,0,0,0,0,0,0,0,0,0,2015079189,3,3,3,64,1,S,2,119,25,310,1140,MAIN ST
1940,2015079202,12,64,64201,64201,2015,8,7,1922,19,1,1,0,1,1,0,0,1,7,N,N,2,3,2,0,0,0,0,0,2,0,0,0,2,0,0,0,2,1,0,0,0,0,0,0,0,0,0,0,0,0,0,8,0,0,0,0,0,0,1,0,40 34:36.476,79 37:09.413,40.5768,-79.6193,2,2,6,N,,,0,Y,N,,,,,,,,,,,,2015079202,0,1,0,0,0,0,0,0,0,0,1,0,0,0,0,0,0,1,0,1,0,0,0,0,0,0,0,0,0,0,0,0,0,0,0,0,0,0,0,0,0,1,1,0,0,0,0,0,0,0,0,0,0,0,0,0,0,0,1,0,0,0,0,0,0,0,0,0,1,0,0,0,1,1,0,1,0,1,0,0,0,0,0,0,0,0,0,0,0,2015079202,3,3,3,64,2,E,2,4034,40,50,2277,MARKLE RD