_id,CRASH_CRN,DISTRICT,CRASH_COUNTY,MUNICIPALITY,POLICE_AGCY,CRASH_YEAR,CRASH_MONTH,DAY_OF_WEEK,TIME_OF_DAY,HOUR_OF_DAY,ILLUMINATION,WEATHER,ROAD_CONDITION,COLLISION_TYPE,RELATION_TO_ROAD,INTERSECT_TYPE,TCD_TYPE,URBAN_RURAL,LOCATION_TYPE,SCH_BUS_IND,SCH_ZONE_IND,TOTAL_UNITS,PERSON_COUNT,VEHICLE_COUNT,AUTOMOBILE_COUNT,MOTORCYCLE_COUNT,BUS_COUNT,SMALL_TRUCK_COUNT,HEAVY_TRUCK_COUNT,SUV_COUNT,VAN_COUNT,BICYCLE_COUNT,FATAL_COUNT,INJURY_COUNT,MAJ_INJ_COUNT,MOD_INJ_COUNT,MIN_INJ_COUNT,UNK_INJ_DEG_COUNT,UNK_INJ_PER_COUNT,UNBELTED_OCC_COUNT,UNB_DEATH_COUNT,UNB_MAJ_INJ_COUNT,BELTED_DEATH_COUNT,BELTED_MAJ_INJ_COUNT,MCYCLE_DEATH_COUNT,MCYCLE_MAJ_INJ_COUNT,BICYCLE_DEATH_COUNT,BICYCLE_MAJ_INJ_COUNT,PED_COUNT,PED_DEATH_COUNT,PED_MAJ_INJ_COUNT,COMM_VEH_COUNT,MAX_SEVERITY_LEVEL,DRIVER_COUNT_16YR,DRIVER_COUNT_17YR,DRIVER_COUNT_18YR,DRIVER_COUNT_19YR,DRIVER_COUNT_20YR,DRIVER_COUNT_50_64YR,DRIVER_COUNT_65_74YR,DRIVER_COUNT_75PLUS,LATITUDE,LONGITUDE,DEC_LAT,DEC_LONG,EST_HRS_CLOSED,LANE_CLOSED,LN_CLOSE_DIR,NTFY_HIWY_MAINT,RDWY_SURF_TYPE_CD,SPEC_JURIS_CD,TCD_FUNC_CD,TFC_DETOUR_IND,WORK_ZONE_IND,WORK_ZONE_TYPE,WORK_ZONE_LOC,CONS_ZONE_SPD_LIM,WORKERS_PRES,WZ_CLOSE_DETOUR,WZ_FLAGGER,WZ_LAW_OFFCR_IND,WZ_LN_CLOSURE,WZ_MOVING,WZ_OTHER,WZ_SHLDER_MDN,FLAG_CRN,INTERSTATE,STATE_ROAD,LOCAL_ROAD,LOCAL_ROAD_ONLY,TURNPIKE,WET_ROAD,SNOW_SLUSH_ROAD,ICY_ROAD,SUDDEN_DEER,SHLDR_RELATED,REAR_END,HO_OPPDIR_SDSWP,HIT_FIXED_OBJECT,SV_RUN_OFF_RD,WORK_ZONE,PROPERTY_DAMAGE_ONLY,FATAL_OR_MAJ_INJ,INJURY,FATAL,NON_INTERSECTION,INTERSECTION,SIGNALIZED_INT,STOP_CONTROLLED_INT,UNSIGNALIZED_INT,SCHOOL_BUS,SCHOOL_ZONE,HIT_DEER,HIT_TREE_SHRUB,HIT_EMBANKMENT,HIT_POLE,HIT_GDRAIL,HIT_GDRAIL_END,HIT_BARRIER,HIT_BRIDGE,OVERTURNED,MOTORCYCLE,BICYCLE,HVY_TRUCK_RELATED,VEHICLE_FAILURE,TRAIN_TROLLEY,PHANTOM_VEHICLE,ALCOHOL_RELATED,DRINKING_DRIVER,UNDERAGE_DRNK_DRV,UNLICENSED,CELL_PHONE,NO_CLEARANCE,RUNNING_RED_LT,TAILGATING,CROSS_MEDIAN,CURVE_DVR_ERROR,LIMIT_65MPH,SPEEDING,SPEEDING_RELATED,AGGRESSIVE_DRIVING,FATIGUE_ASLEEP,DRIVER_16YR,DRIVER_17YR,DRIVER_65_74YR,DRIVER_75PLUS,UNBELTED,PEDESTRIAN,DISTRACTED,CURVED_ROAD,DRIVER_18YR,DRIVER_19YR,DRIVER_20YR,DRIVER_50_64YR,VEHICLE_TOWED,FIRE_IN_VEHICLE,HIT_PARKED_VEHICLE,MC_DRINKING_DRIVER,DRUGGED_DRIVER,INJURY_OR_FATAL,COMM_VEHICLE,IMPAIRED_DRIVER,DEER_RELATED,DRUG_RELATED,HAZARDOUS_TRUCK,ILLEGAL_DRUG_RELATED,ILLUMINATION_DARK,MINOR_INJURY,MODERATE_INJURY,MAJOR_INJURY,NHTSA_AGG_DRIVING,PSP_REPORTED,RUNNING_STOP_SIGN,TRAIN,TROLLEY,ROADWAY_CRN,RDWY_SEQ_NUM,ADJ_RDWY_SEQ,ACCESS_CTRL,ROADWAY_COUNTY,LANE_COUNT,RDWY_ORIENT,ROAD_OWNER,ROUTE,SPEED_LIMIT,SEGMENT,OFFSET,STREET_NAME
2028,2015082315,12,64,64217,68A01,2015,8,1,1649,16,1,1,0,8,4,0,0,1,0,N,N,2,2,1,0,0,0,1,0,0,0,0,0,1,0,1,0,0,0,0,0,0,0,0,0,0,0,0,1,0,0,0,3,0,0,0,0,0,0,0,0,40 16:18.393,79 22:07.690,40.2718,-79.3688,1,2,5,N,,,0,Y,N,,,,,,,,,,,,2015082315,0,1,0,0,0,0,0,0,0,0,0,0,0,1,0,0,0,1,0,1,0,0,0,0,0,0,0,0,0,0,0,0,0,0,0,0,0,0,0,0,0,1,0,0,0,0,0,0,0,0,0,0,0,0,0,0,0,0,0,0,0,1,0,0,0,0,0,0,0,0,0,0,0,1,0,0,0,0,0,0,0,0,1,0,0,1,0,0,0,2015082315,3,3,3,64,2,S,2,982,35,200,1872,BAGGLEY YOUNGSTOWN RD
2029,2015082322,12,64,64216,68B02,2015,8,2,1450,14,1,1,0,4,1,2,3,1,0,N,N,2,2,2,2,0,0,0,0,0,0,0,0,2,0,0,2,0,0,0,0,0,0,0,0,0,0,0,0,0,0,0,4,0,0,0,0,0,0,0,1,40 12:18.487,79 45:12.429,40.2051,-79.7535,1,1,2,N,,,3,N,N,,,,,,,,,,,,2015082322,0,1,0,0,0,0,0,0,0,0,0,0,0,0,0,0,0,1,0,0,1,0,1,1,0,0,0,0,0,0,0,0,0,0,0,0,0,0,0,0,0,0,0,0,0,0,1,0,0,0,0,0,0,0,1,0,0,0,0,1,0,0,0,0,0,0,0,0,1,0,0,0,0,1,0,0,0,0,0,0,0,1,0,0,0,1,0,0,0,2015082322,3,3,3,64,2,N,2,31,40,10,0,MOUNT PLEASANT RD
2030,2015082413,12,64,64103,64103,2015,8,3,1823,18,1,1,0,1,1,0,0,1,0,N,N,2,2,2,0,0,0,1,0,1,0,0,0,0,0,0,0,0,0,0,0,0,0,0,0,0,0,0,0,0,0,0,0,0,0,0,0,0,1,0,0,40 07:55.703,79 50:37.736,40.1321,-79.8438,,0,,N,,,0,,N,,,,,,,,,,,,2015082413,0,1,0,0,0,0,0,0,0,0,1,0,0,0,0,1,0,0,0,1,0,0,0,0,0,0,0,0,0,0,0,0,0,0,0,0,0,0,1,0,0,0,0,0,0,0,0,0,0,0,0,0,0,0,0,0,0,0,0,0,0,0,0,0,0,0,0,1,1,0,0,0,0,0,0,0,0,0,0,0,0,0,0,0,0,0,0,0,0,2015082413,3,3,3,64,2,S,2,201,35,10,1527,ROSTRAVER RD
2031,2015082466,12,64,64205,68A01,2015,8,1,1909,19,1,1,0,2,1,0,0,1,0,N,N,2,10,2,0,0,0,0,0,2,0,0,0,0,0,0,0,0,0,0,0,0,0,0,0,0,0,0,0,0,0,0,0,0,0,0,0,0,0,0,0,40 06:28.453,79 22:55.448,40.1079,-79.3821,,0,,N,,,0,,N,,,,,,,,,,,,2015082466,0,1,0,0,0,0,0,0,0,0,0,1,0,0,0,1,0,0,0,1,0,0,0,0,0,0,0,0,0,0,0,0,0,0,0,0,0,0,0,0,0,0,0,0,0,0,0,0,0,0,0,0,0,0,1,0,0,0,0,0,0,0,0,0,0,0,0,0,1,0,0,0,0,0,0,0,0,0,0,0,0,0,0,0,0,1,0,0,0,2015082466,3,3,3,64,2,E,2,31,45,420,1466,CHESTNUT RIDGE RD
2032,2015082467,12,64,64205,68A01,2015,8,1,1938,19,4,8,0,4,1,0,3,1,0,N,N,2,4,2,0,0,0,0,1,1,0,0,0,1,0,1,0,0,0,0,0,0,0,0,0,0,0,0,0,0,0,0,3,0,0,0,0,0,2,0,0,40 06:28.453,79 22:55.448,40.1079,-79.3821,,0,,N,,,3,,N,,,,,,,,,,,,2015082467,0,1,0,0,0,0,0,0,0,0,0,0,0,0,0,0,0,1,0,1,0,0,0,0,0,0,0,0,0,0,0,0,0,0,0,0,0,1,0,0,0,0,0,0,0,0,0,0,0,0,0,0,0,0,1,0,0,0,0,0,0,0,0,0,0,0,0,1,1,0,0,0,0,1,0,0,0,0,0,0,0,0,1,0,0,1,0,0,0,2015082467,3,3,3,64,2,E,2,31,45,420,1466,CHESTNUT RIDGE RD
2033,2015082468,12,64,64209,68A01,2015,8,6,1250,12,1,1,0,1,1,1,3,3,0,N,N,2,5,2,0,0,0,0,0,2,0,0,0,2,1,0,1,0,0,0,0,0,0,1,0,0,0,0,0,0,0,0,2,0,0,0,0,0,0,0,0,40 17:47.348,79 33:34.820,40.2965,-79.5597,3,1,6,N,,,3,N,N,,,,,,,,,,,,2015082468,0,1,1,0,0,0,0,0,0,0,1,0,0,0,0,0,1,1,0,0,1,0,1,1,0,0,0,0,0,0,0,0,0,0,0,0,0,0,0,0,0,0,0,0,0,0,0,0,0,0,0,0,0,1,1,0,0,0,0,0,0,0,0,0,0,0,0,0,1,0,0,0,0,1,0,0,0,0,0,0,0,1,0,1,0,1,0,0,0,2015082468,3,3,3,64,2,E,2,136,45,370,95,WEST NEWTON ST
2034,2015082469,12,64,64204,68A04,2015,8,3,2345,23,3,1,0,4,1,0,0,1,0,N,N,2,5,2,1,0,0,0,1,0,0,0,0,0,0,0,0,0,0,1,0,0,0,0,0,0,0,0,0,0,0,1,0,0,0,0,0,0,0,0,0,40 23:55.209,79 25:18.350,40.3987,-79.4218,1,1,3,N,,,0,N,N,,,,,,,,,,,,2015082469,0,1,0,0,0,0,0,0,0,0,0,0,0,0,0,1,0,0,0,1,0,0,0,0,0,0,0,0,0,0,0,0,0,0,0,0,0,1,0,0,0,0,0,0,0,0,0,0,0,0,0,0,0,0,1,0,0,0,0,0,1,0,0,0,0,0,0,0,1,0,0,0,0,0,1,0,0,0,1,0,1,0,0,0,1,1,0,0,0,2015082469,3,3,3,64,2,E,2,22,45,330,109,WILLIAM PENN HW
2035,2015082470,12,64,64214,68A04,2015,8,2,1729,17,1,1,0,9,1,0,0,1,0,N,N,2,2,2,1,0,0,0,0,1,0,0,0,0,0,0,0,0,0,0,0,0,0,0,0,0,0,0,0,0,0,0,0,0,0,0,0,1,0,0,1,40 22:54.125,79 34:20.995,40.3817,-79.5725,2,1,1,N,,,0,N,N,,,,,,,,,,,,2015082470,0,1,0,0,0,0,0,0,0,0,0,0,0,0,0,1,0,0,0,1,0,0,0,0,0,0,0,0,0,0,0,0,0,0,0,0,0,0,1,0,0,0,0,0,0,0,0,0,0,0,0,0,0,0,0,0,0,0,0,1,0,0,0,0,0,0,1,0,1,0,0,0,0,0,0,0,0,0,0,0,0,0,0,0,0,1,0,0,0,2015082470,3,3,3,64,2,N,2,66,45,130,333,BUSINESS RT 66 RD
2036,2015082507,12,64,64101,64101,2015,8,1,1319,13,1,1,0,1,1,1,2,3,0,N,N,3,4,3,2,0,0,0,0,1,0,0,0,0,0,0,0,0,0,0,0,0,0,0,0,0,0,0,0,0,0,0,0,0,0,0,0,0,0,0,0,40 18:49.673,79 40:16.700,40.3137,-79.6714,1,1,4,N,,,3,N,N,,,,,,,,,,,,2015082507,0,1,1,0,0,0,0,0,0,0,1,0,0,0,0,1,0,0,0,0,1,1,0,0,0,0,0,0,0,0,0,0,0,0,0,0,0,0,0,0,0,0,0,0,0,0,0,0,0,0,0,0,0,1,1,0,0,0,0,0,0,0,0,0,0,0,0,0,1,0,0,0,0,0,0,0,0,0,0,0,0,0,0,0,0,0,0,0,0,2015082507,3,3,3,64,2,E,2,30,40,150,2035,LINCOLN HW
2037,2015082649,12,64,64204,68A01,2015,7,4,916,9,1,1,0,7,4,0,0,1,0,N,N,1,1,1,0,0,0,0,0,1,0,0,0,1,0,0,0,1,0,1,0,0,0,0,0,0,0,0,0,0,0,0,8,0,0,0,0,0,0,0,0,40 19:22.296,79 18:42.224,40.3229,-79.3117,1,1,1,N,,,0,N,N,,,,,,,,,,,,2015082649,0,1,0,0,0,0,0,0,0,0,0,0,1,1,0,0,0,1,0,1,0,0,0,0,0,0,0,0,0,0,0,0,0,0,0,0,0,0,0,0,0,0,0,0,0,0,0,0,0,0,0,0,0,0,1,0,0,0,0,0,1,0,0,0,0,0,0,0,1,0,0,0,1,1,0,1,0,1,0,0,0,0,0,0,0,1,0,0,0,2015082649,3,3,3,64,2,S,2,217,40,70,1574,FOURTH AV
2038,2015082650,12,64,64217,68A01,2015,8,5,1243,12,1,1,0,4,1,2,3,1,0,N,N,2,4,2,1,0,0,1,0,0,0,0,0,1,0,0,1,0,0,0,0,0,0,0,0,0,0,0,0,0,0,0,4,0,0,0,0,0,1,0,0,40 18:54.746,79 23:42.276,40.3152,-79.3951,1,1,1,N,,,3,N,N,,,,,,,,,,,,2015082650,0,1,0,0,0,0,0,0,0,0,0,0,0,0,0,0,0,1,0,0,1,0,1,1,0,0,0,0,0,0,0,0,0,0,0,0,0,0,0,0,0,0,0,0,0,0,1,0,0,0,0,0,0,0,1,0,0,0,0,0,0,0,0,0,0,0,0,1,1,0,0,0,0,1,0,0,0,0,0,0,0,1,0,0,0,1,0,0,0,2015082650,3,3,3,64,2,W,2,1022,35,170,3041,GARFIELD RD
2039,2015082652,12,64,64217,68A01,2015,8,1,1600,16,1,1,0,1,1,1,2,1,0,N,N,3,6,3,3,0,0,0,0,0,0,0,0,3,0,0,3,0,0,1,0,0,0,0,0,0,0,0,0,0,0,0,4,0,0,0,0,0,0,0,0,40 17:06.090,79 23:24.479,40.2849,-79.3901,2,2,4,N,,,3,Y,N,,,,,,,,,,,,2015082652,0,1,1,0,0,0,0,0,0,0,1,0,0,0,0,0,0,1,0,0,1,1,0,0,0,0,0,0,0,0,0,0,0,0,0,0,0,0,0,0,0,0,0,0,0,0,0,0,0,0,0,0,0,0,1,0,0,0,0,0,1,0,0,0,0,0,0,0,0,0,0,0,0,1,0,0,0,0,0,0,0,1,0,0,0,1,0,0,0,2015082652,3,3,3,64,3,E,2,30,55,480,1015,LINCOLN HW
2040,2015082653,12,64,64206,68A01,2015,8,1,1612,16,1,1,8,4,1,0,0,1,0,N,N,2,2,2,2,0,0,0,0,0,0,0,0,2,0,0,0,2,0,0,0,0,0,0,0,0,0,0,0,0,0,0,8,0,0,0,0,0,1,0,0,40 10:30.834,79 36:59.119,40.1752,-79.6164,3,2,6,Y,,,0,Y,N,,,,,,,,,,,,2015082653,0,1,0,0,0,0,0,0,0,0,0,0,0,0,0,0,0,1,0,1,0,0,0,0,0,0,0,0,0,0,1,0,0,0,0,0,0,0,0,0,0,0,0,0,0,0,0,0,0,0,0,0,0,0,0,0,0,0,0,0,0,0,0,0,0,0,0,1,1,0,0,0,0,1,0,0,0,0,0,0,0,0,0,0,0,1,0,0,0,2015082653,3,3,3,64,2,W,2,31,45,160,2039,WEST NEWTON RUFFSDALE RD
2041,2015082793,12,64,64207,68A01,2015,8,2,838,8,1,1,0,4,1,2,3,1,0,N,N,2,2,2,0,0,0,1,0,1,0,0,0,1,0,0,1,0,0,0,0,0,0,0,0,0,0,0,0,0,0,0,4,0,0,0,1,0,0,1,0,40 21:15.177,79 07:05.082,40.3542,-79.1181,3,1,6,N,,,3,Y,N,,,,,,,,,,,,2015082793,0,1,0,0,0,0,0,0,0,0,0,0,0,0,0,0,0,1,0,0,1,0,1,1,0,0,0,0,0,0,0,0,0,0,0,0,0,0,0,0,0,0,0,0,0,0,1,0,0,0,0,0,0,0,1,0,0,0,1,0,0,0,0,0,0,1,0,0,1,0,0,0,0,1,0,0,0,0,0,0,0,1,0,0,0,1,0,0,0,2015082793,3,3,3,64,2,S,2,711,50,440,2740,LIGONIER ST
2042,2015082794,12,64,64206,68A01,2015,8,1,845,8,1,1,0,1,1,1,2,1,0,N,N,3,4,3,1,1,0,1,0,0,0,0,0,1,0,0,1,0,0,0,0,0,0,0,0,0,0,0,0,0,0,0,4,0,0,0,0,0,2,0,0,40 07:33.306,79 33:04.097,40.1258,-79.5514,2,1,4,N,,,2,Y,N,,,,,,,,,,,,2015082794,0,1,1,0,0,0,0,0,0,0,1,0,0,0,0,0,0,1,0,0,1,1,0,0,0,0,0,0,0,0,0,0,0,0,0,1,0,0,0,0,0,0,0,0,0,0,0,0,0,0,0,0,0,0,0,0,0,0,0,0,0,0,0,0,0,0,0,1,1,0,0,0,0,1,0,0,0,0,0,0,0,1,0,0,0,1,0,0,0,2015082794,3,3,3,64,2,E,2,819,35,94,1010,MT PLEASANT SCOTTDALE RD
2043,2015082905,12,64,64201,64201,2015,8,5,916,9,1,1,0,1,1,2,0,1,0,N,N,2,3,2,0,0,0,1,0,1,0,0,0,0,0,0,0,0,0,0,0,0,0,0,0,0,0,0,0,0,0,0,0,0,0,0,0,0,1,0,0,40 35:41.554,79 40:26.720,40.5949,-79.6741,,0,,N,,,0,,N,,,,,,,,,,,,2015082905,0,1,1,0,0,0,0,0,0,0,1,0,0,0,0,1,0,0,0,0,1,0,0,1,0,0,0,0,0,0,0,0,0,0,0,0,0,0,0,0,0,0,0,0,0,0,0,0,0,0,0,0,0,0,0,0,0,0,0,0,0,0,1,0,0,0,0,1,1,0,0,0,0,0,0,0,0,0,0,0,0,0,0,0,0,0,0,0,0,2015082905,3,3,3,64,2,W,2,4048,45,30,0,MELWOOD RD
2044,2015082933,12,64,64302,64302,2015,8,5,1209,12,1,1,0,4,1,1,3,3,0,N,N,2,2,2,1,0,0,0,0,1,0,0,0,0,0,0,0,0,0,0,0,0,0,0,0,0,0,0,0,0,0,0,0,0,0,0,0,0,0,1,0,40 18:03.037,79 33:08.338,40.3008,-79.5523,2,2,2,N,,,3,Y,N,,,,,,,,,,,,2015082933,0,1,0,0,0,0,0,0,0,0,0,0,0,0,0,1,0,0,0,0,1,0,1,1,0,0,0,0,0,0,0,0,0,0,0,0,0,0,0,0,0,0,0,0,0,0,0,0,0,0,0,0,0,0,1,0,0,0,1,0,0,0,1,0,0,0,0,0,1,0,0,0,0,0,0,0,0,0,0,0,0,0,0,0,0,0,0,0,0,2015082933,3,3,3,64,2,E,2,3026,35,50,0,PITTSBURGH ST
2045,2015083002,12,64,64209,68A01,2015,8,7,2309,23,2,1,0,1,1,0,0,3,0,N,N,2,2,2,2,0,0,0,0,0,0,0,0,1,0,0,1,0,0,0,0,0,0,0,0,0,0,0,0,0,0,0,4,0,1,0,0,0,0,0,0,40 18:40.143,79 39:39.711,40.3112,-79.661,2,1,3,N,,,0,N,N,,,,,,,,,,,,2015083002,0,1,0,0,0,0,0,0,0,0,1,0,0,0,0,0,0,1,0,1,0,0,0,0,0,0,0,0,0,0,0,0,0,0,0,0,0,0,0,0,0,0,0,0,0,0,0,0,1,0,0,0,0,0,1,0,0,1,0,0,0,0,0,0,0,0,0,0,0,0,0,0,0,1,0,0,0,0,0,0,1,1,0,0,0,1,0,0,0,2015083002,3,3,3,64,2,E,2,30,40,160,2138,LINCOLN HW
2046,2015083107,12,64,64412,64412,2015,8,5,413,4,3,1,0,7,4,0,0,2,0,N,N,1,1,1,1,0,0,0,0,0,0,0,0,0,0,0,0,0,0,0,0,0,0,0,0,0,0,0,0,0,0,0,0,0,0,0,0,0,0,0,0,40 18:42.174,79 22:36.638,40.3117,-79.3768,3,2,1,N,,,0,Y,N,,,,,,,,,,,,2015083107,0,0,1,1,0,0,0,0,0,0,0,0,1,1,0,1,0,0,0,1,0,0,0,0,0,0,0,0,0,1,0,0,0,0,0,0,0,0,0,0,0,1,1,0,0,0,0,0,0,0,0,0,0,0,0,0,0,0,0,0,0,0,0,0,0,0,0,0,1,0,0,0,1,0,0,1,0,1,0,0,1,0,0,0,0,0,0,0,0,2015083107,3,3,,64,2,N,4,,30,,,LINCOLN AV
2047,2015083126,12,64,64101,64101,2015,8,6,255,2,3,1,0,7,4,2,2,3,0,N,N,1,1,1,1,0,0,0,0,0,0,0,0,1,0,0,1,0,0,0,0,0,0,0,0,0,0,0,0,0,0,0,4,0,0,0,0,0,1,0,0,40 18:53.097,79 40:32.115,40.3147,-79.6756,2,2,3,N,,,3,N,N,,,,,,,,,,,,2015083126,0,1,0,0,0,0,0,0,0,0,0,0,1,1,0,0,0,1,0,0,1,1,0,0,0,0,0,0,0,0,0,0,0,0,0,0,0,0,0,0,0,0,0,0,0,0,0,0,0,0,0,0,0,0,0,0,0,0,0,0,0,0,0,0,0,0,0,1,1,0,0,0,0,1,0,0,0,0,0,0,1,1,0,0,0,0,0,0,0,2015083126,3,3,3,64,2,E,2,30,40,150,785,LINCOLN HW
2048,2015083137,12,64,64215,68A01,2015,8,7,1719,17,1,1,0,7,2,0,0,1,0,N,N,1,1,1,0,1,0,0,0,0,0,0,0,1,1,0,0,0,0,0,0,0,0,0,0,1,0,0,0,0,0,0,2,0,0,0,1,0,0,0,0,40 13:09.740,79 42:49.390,40.2194,-79.7137,,0,,N,,,0,,N,,,,,,,,,,,,2015083137,0,0,1,1,0,0,0,0,0,0,0,0,1,1,0,0,1,1,0,1,0,0,0,0,0,0,0,1,0,0,0,0,0,0,0,1,0,0,0,0,0,0,0,0,0,0,0,0,0,0,0,0,0,1,1,0,0,0,0,0,0,0,0,0,0,1,0,0,0,0,0,0,0,1,0,0,0,0,0,0,0,0,0,1,0,1,0,0,0,2015083137,3,3,,64,2,E,4,,35,,,BELLS MILLS RD
2049,2015083180,12,64,64437,64437,2015,8,5,1020,10,1,1,0,1,1,0,0,3,0,N,N,4,4,4,0,0,0,0,0,4,0,0,0,1,0,0,0,1,0,0,0,0,0,0,0,0,0,0,0,0,0,0,8,0,0,0,0,0,2,0,0,40 29:23.912,79 41:39.457,40.49,-79.6943,2,1,3,N,,,0,N,Y,1,5,99,Y,,Y,N,,Y,,,2015083180,0,1,0,0,0,0,0,0,0,0,1,0,0,0,1,0,0,1,0,1,0,0,0,0,0,0,0,0,0,0,0,0,0,0,0,0,0,0,0,0,0,0,0,0,0,0,0,0,0,0,0,0,0,1,1,0,0,0,0,0,0,0,0,0,0,0,0,1,1,0,0,0,0,1,0,0,0,0,0,0,0,0,0,0,0,0,0,0,0,2015083180,3,3,3,64,1,E,2,286,55,24,260,GOLDEN MILE HW
2050,2015083454,12,64,64212,68A01,2015,7,5,2052,20,2,1,0,7,5,0,0,1,0,N,N,1,1,1,0,0,0,0,0,1,0,0,1,0,0,0,0,0,0,1,1,0,0,0,0,0,0,0,0,0,0,0,1,0,0,0,0,0,0,1,0,40 08:30.702,79 30:34.238,40.1419,-79.5095,2,1,2,N,2,0,0,N,N,,,,,,,,,,,,2015083454,0,1,0,0,0,0,0,0,0,0,0,0,1,1,0,0,1,0,1,1,0,0,0,0,0,0,0,1,0,0,0,0,0,0,0,0,0,0,0,0,0,1,1,0,0,0,0,0,0,0,1,0,0,0,0,0,0,0,1,0,1,0,0,1,0,0,0,0,1,0,0,0,0,1,0,1,0,0,0,0,1,0,0,0,0,1,0,0,0,2015083454,3,3,3,64,2,S,2,2005,55,10,1918,WHITE BRIDGE RD
2051,2015083455,12,64,64209,68A01,2015,8,4,2230,22,2,1,0,9,1,0,0,3,0,N,N,1,1,1,0,0,0,0,0,1,0,0,0,0,0,0,0,0,0,0,0,0,0,0,0,0,0,0,0,0,0,0,0,0,0,0,0,0,0,0,0,40 18:37.288,79 37:34.890,40.3104,-79.6264,,0,,N,,,0,,N,,,,,,,,,,,,2015083455,0,1,0,0,0,0,0,0,1,0,0,0,0,0,0,1,0,0,0,1,0,0,0,0,0,0,1,0,0,0,0,0,0,0,0,0,0,0,0,0,0,0,0,0,0,0,0,0,0,0,0,0,0,1,1,0,0,0,0,0,0,0,0,0,0,0,0,0,1,0,0,0,0,0,0,0,1,0,0,0,1,0,0,0,0,1,0,0,0,2015083455,3,3,3,64,2,E,2,30,45,200,162,LINCOLN HW
2052,2015083456,12,64,64209,68A01,2015,8,5,1420,14,1,1,0,4,1,0,0,3,0,N,N,2,4,2,1,0,0,0,0,1,0,0,0,4,0,0,4,0,0,0,0,0,0,0,0,0,0,0,0,0,0,0,4,0,0,0,0,0,0,0,1,40 17:59.267,79 29:14.733,40.2998,-79.4874,2,1,3,N,,,0,Y,N,,,,,,,,,,,,2015083456,0,1,0,0,0,0,0,0,0,0,0,0,0,0,0,0,0,1,0,1,0,0,0,0,0,0,0,0,0,0,0,0,0,0,0,0,0,0,0,0,0,0,0,0,0,0,1,0,0,0,0,0,0,0,1,0,0,0,0,1,0,0,0,0,0,0,0,0,1,0,0,0,0,1,0,0,0,0,0,0,0,1,0,0,0,1,0,0,0,2015083456,3,3,3,64,2,E,2,30,50,380,400,LINCOLN HW
2053,2015083532,12,64,64102,64102,2015,8,6,1742,17,1,1,0,2,1,0,0,3,7,N,N,2,2,2,1,1,0,0,0,0,0,0,0,1,0,0,1,0,0,0,0,0,0,0,0,0,0,0,0,0,0,0,4,0,0,0,0,0,0,0,1,40 21:15.173,79 39:05.862,40.3542,-79.6516,,0,,N,,,0,,N,,,,,,,,,,,,2015083532,0,1,0,0,0,0,0,0,0,0,0,1,0,0,0,0,0,1,0,1,0,0,0,0,0,0,0,0,0,0,0,0,0,0,0,1,0,0,0,0,0,0,0,0,0,0,0,0,0,0,0,0,0,0,1,0,0,0,0,1,0,0,0,0,0,0,0,0,0,0,0,0,0,1,0,0,0,0,0,0,0,1,0,0,0,0,0,0,0,2015083532,3,3,3,64,2,N,2,993,35,190,2930,MANOR HARRISON CITY RD
2054,2015083579,12,64,64103,64103,2015,8,7,304,3,2,1,0,7,5,0,0,1,0,N,N,1,1,1,0,0,0,0,0,1,0,0,0,0,0,0,0,0,0,0,0,0,0,0,0,0,0,0,0,0,0,0,0,0,0,0,0,0,0,0,0,40 08:44.885,79 53:48.063,40.1458,-79.8967,,0,,N,,,0,,N,,,,,,,,,,,,2015083579,0,1,0,0,0,0,0,0,0,0,0,0,1,1,0,1,0,0,0,1,0,0,0,0,0,0,0,0,1,0,0,0,0,0,0,0,0,0,0,0,0,1,1,0,0,0,0,0,0,0,0,0,0,0,0,0,0,0,0,0,0,0,0,0,0,0,0,0,1,0,0,0,0,0,0,1,0,0,0,0,1,0,0,0,0,0,0,0,0,2015083579,3,3,3,64,2,N,2,906,40,40,1245,BEL VERNON MONESSEN RD
2055,2015083582,12,64,64212,68A01,2015,6,4,1536,15,1,1,0,4,1,2,0,1,7,N,N,2,2,2,0,0,0,2,0,0,0,0,0,0,0,0,0,0,0,0,0,0,0,0,0,0,0,0,0,0,0,0,0,0,0,0,0,0,1,0,0,40 07:35.694,79 25:43.558,40.1266,-79.4288,,0,,N,,,0,,N,,,,,,,,,,,,2015083582,0,1,1,0,0,0,0,0,0,0,0,0,0,0,0,1,0,0,0,0,1,0,0,1,0,0,0,0,0,0,0,0,0,0,0,0,0,0,0,0,0,0,0,0,0,0,0,0,0,0,0,0,0,1,1,0,0,0,0,0,0,0,0,0,0,0,0,1,1,0,0,0,0,0,0,0,0,0,0,0,0,0,0,0,0,1,0,0,0,2015083582,3,3,3,64,2,E,2,31,45,370,0,DONEGAL RD
2056,2015083583,12,64,64217,68A01,2015,7,4,652,6,1,1,0,7,2,0,0,1,0,N,N,1,1,1,0,0,0,0,0,1,0,0,0,1,0,0,1,0,0,0,0,0,0,0,0,0,0,0,0,0,0,0,4,0,0,0,0,0,0,0,1,40 14:27.004,79 28:50.900,40.2408,-79.4808,2,2,5,N,,,0,Y,N,,,,,,,,,,,,2015083583,0,1,0,0,0,0,0,0,0,0,0,0,1,1,0,0,0,1,0,1,0,0,0,0,0,0,0,0,0,0,0,0,0,0,1,0,0,0,0,0,0,0,0,0,0,0,0,0,0,0,0,0,0,0,0,0,0,0,0,1,0,0,0,0,0,0,0,0,1,0,0,0,0,1,0,0,0,0,0,0,0,1,0,0,0,1,0,0,0,2015083583,3,3,3,64,2,N,2,2017,35,20,1475,PLEASANT UNITY RD