_id,CRASH_CRN,DISTRICT,CRASH_COUNTY,MUNICIPALITY,POLICE_AGCY,CRASH_YEAR,CRASH_MONTH,DAY_OF_WEEK,TIME_OF_DAY,HOUR_OF_DAY,ILLUMINATION,WEATHER,ROAD_CONDITION,COLLISION_TYPE,RELATION_TO_ROAD,INTERSECT_TYPE,TCD_TYPE,URBAN_RURAL,LOCATION_TYPE,SCH_BUS_IND,SCH_ZONE_IND,TOTAL_UNITS,PERSON_COUNT,VEHICLE_COUNT,AUTOMOBILE_COUNT,MOTORCYCLE_COUNT,BUS_COUNT,SMALL_TRUCK_COUNT,HEAVY_TRUCK_COUNT,SUV_COUNT,VAN_COUNT,BICYCLE_COUNT,FATAL_COUNT,INJURY_COUNT,MAJ_INJ_COUNT,MOD_INJ_COUNT,MIN_INJ_COUNT,UNK_INJ_DEG_COUNT,UNK_INJ_PER_COUNT,UNBELTED_OCC_COUNT,UNB_DEATH_COUNT,UNB_MAJ_INJ_COUNT,BELTED_DEATH_COUNT,BELTED_MAJ_INJ_COUNT,MCYCLE_DEATH_COUNT,MCYCLE_MAJ_INJ_COUNT,BICYCLE_DEATH_COUNT,BICYCLE_MAJ_INJ_COUNT,PED_COUNT,PED_DEATH_COUNT,PED_MAJ_INJ_COUNT,COMM_VEH_COUNT,MAX_SEVERITY_LEVEL,DRIVER_COUNT_16YR,DRIVER_COUNT_17YR,DRIVER_COUNT_18YR,DRIVER_COUNT_19YR,DRIVER_COUNT_20YR,DRIVER_COUNT_50_64YR,DRIVER_COUNT_65_74YR,DRIVER_COUNT_75PLUS,LATITUDE,LONGITUDE,DEC_LAT,DEC_LONG,EST_HRS_CLOSED,LANE_CLOSED,LN_CLOSE_DIR,NTFY_HIWY_MAINT,RDWY_SURF_TYPE_CD,SPEC_JURIS_CD,TCD_FUNC_CD,TFC_DETOUR_IND,WORK_ZONE_IND,WORK_ZONE_TYPE,WORK_ZONE_LOC,CONS_ZONE_SPD_LIM,WORKERS_PRES,WZ_CLOSE_DETOUR,WZ_FLAGGER,WZ_LAW_OFFCR_IND,WZ_LN_CLOSURE,WZ_MOVING,WZ_OTHER,WZ_SHLDER_MDN,FLAG_CRN,INTERSTATE,STATE_ROAD,LOCAL_ROAD,LOCAL_ROAD_ONLY,TURNPIKE,WET_ROAD,SNOW_SLUSH_ROAD,ICY_ROAD,SUDDEN_DEER,SHLDR_RELATED,REAR_END,HO_OPPDIR_SDSWP,HIT_FIXED_OBJECT,SV_RUN_OFF_RD,WORK_ZONE,PROPERTY_DAMAGE_ONLY,FATAL_OR_MAJ_INJ,INJURY,FATAL,NON_INTERSECTION,INTERSECTION,SIGNALIZED_INT,STOP_CONTROLLED_INT,UNSIGNALIZED_INT,SCHOOL_BUS,SCHOOL_ZONE,HIT_DEER,HIT_TREE_SHRUB,HIT_EMBANKMENT,HIT_POLE,HIT_GDRAIL,HIT_GDRAIL_END,HIT_BARRIER,HIT_BRIDGE,OVERTURNED,MOTORCYCLE,BICYCLE,HVY_TRUCK_RELATED,VEHICLE_FAILURE,TRAIN_TROLLEY,PHANTOM_VEHICLE,ALCOHOL_RELATED,DRINKING_DRIVER,UNDERAGE_DRNK_DRV,UNLICENSED,CELL_PHONE,NO_CLEARANCE,RUNNING_RED_LT,TAILGATING,CROSS_MEDIAN,CURVE_DVR_ERROR,LIMIT_65MPH,SPEEDING,SPEEDING_RELATED,AGGRESSIVE_DRIVING,FATIGUE_ASLEEP,DRIVER_16YR,DRIVER_17YR,DRIVER_65_74YR,DRIVER_75PLUS,UNBELTED,PEDESTRIAN,DISTRACTED,CURVED_ROAD,DRIVER_18YR,DRIVER_19YR,DRIVER_20YR,DRIVER_50_64YR,VEHICLE_TOWED,FIRE_IN_VEHICLE,HIT_PARKED_VEHICLE,MC_DRINKING_DRIVER,DRUGGED_DRIVER,INJURY_OR_FATAL,COMM_VEHICLE,IMPAIRED_DRIVER,DEER_RELATED,DRUG_RELATED,HAZARDOUS_TRUCK,ILLEGAL_DRUG_RELATED,ILLUMINATION_DARK,MINOR_INJURY,MODERATE_INJURY,MAJOR_INJURY,NHTSA_AGG_DRIVING,PSP_REPORTED,RUNNING_STOP_SIGN,TRAIN,TROLLEY,ROADWAY_CRN,RDWY_SEQ_NUM,ADJ_RDWY_SEQ,ACCESS_CTRL,ROADWAY_COUNTY,LANE_COUNT,RDWY_ORIENT,ROAD_OWNER,ROUTE,SPEED_LIMIT,SEGMENT,OFFSET,STREET_NAME
2230,2015092108,12,64,64204,68A01,2015,9,5,1409,14,1,1,0,7,4,0,0,1,0,N,N,1,1,1,1,0,0,0,0,0,0,0,0,1,0,0,1,0,0,0,0,0,0,0,0,0,0,0,0,0,0,0,4,0,0,0,0,0,0,0,1,40 18:39.297,79 21:36.807,40.3109,-79.3602,,0,,N,,,0,,N,,,,,,,,,,,,2015092108,0,1,0,0,0,0,0,0,0,0,0,0,1,1,0,0,0,1,0,1,0,0,0,0,0,0,0,0,0,0,0,0,0,0,0,0,0,0,0,0,0,0,0,0,0,0,0,0,0,0,0,0,0,0,0,0,0,0,0,1,0,0,0,0,0,0,0,0,1,0,0,0,0,1,0,0,0,0,0,0,0,1,0,0,0,1,0,0,0,2015092108,3,3,3,64,2,N,2,982,40,270,2679,HILLVIEW AV
2231,2015092267,12,64,64217,68A01,2015,9,2,2208,22,2,1,0,7,4,0,0,1,0,N,N,1,1,1,0,0,0,1,0,0,0,0,0,0,0,0,0,0,0,0,0,0,0,0,0,0,0,0,0,0,0,0,0,0,0,0,1,0,0,0,0,40 16:22.440,79 28:02.425,40.2729,-79.4673,1,1,4,N,,,0,Y,N,,,,,,,,,,,,2015092267,0,1,0,0,0,0,0,0,0,0,0,0,1,1,0,1,0,0,0,1,0,0,0,0,0,0,0,0,0,1,0,0,0,0,0,0,0,0,0,0,0,0,0,0,0,0,0,0,0,0,1,0,0,1,1,0,0,0,0,0,0,0,0,1,0,1,0,0,1,0,0,0,0,0,0,0,0,0,0,0,1,0,0,0,0,1,0,0,0,2015092267,3,3,3,64,2,W,2,2017,40,70,210,MARGUERITE LAKE RD
2232,2015092270,12,64,64216,68B02,2015,9,2,548,5,2,1,0,9,1,0,0,1,0,N,N,2,2,2,0,1,0,0,0,1,0,0,0,2,0,1,1,0,0,0,0,0,0,0,0,0,0,0,0,0,0,0,3,0,0,0,0,0,1,0,0,40 10:47.387,79 39:13.606,40.1798,-79.6538,3,2,6,N,,,0,Y,N,,,,,,,,,,,,2015092270,0,1,0,0,0,0,0,0,1,0,0,0,0,0,0,0,0,1,0,1,0,0,0,0,0,0,1,0,0,0,0,0,0,0,0,1,0,0,0,0,0,0,0,0,0,0,0,0,0,0,0,0,0,0,0,0,0,0,0,0,0,0,0,0,0,0,0,1,1,0,0,0,0,1,0,0,1,0,0,0,1,1,1,0,0,1,0,0,0,2015092270,3,3,3,64,2,W,2,31,45,130,852,MOUNT PLEASANT RD
2233,2015092272,12,64,64103,68B02,2015,9,3,710,7,1,1,0,5,1,0,0,1,0,N,N,2,2,2,1,0,0,0,1,0,0,0,0,0,0,0,0,0,0,0,0,0,0,0,0,0,0,0,0,0,0,1,0,0,0,0,0,0,0,1,0,40 09:21.475,79 46:23.305,40.156,-79.7731,1,2,3,N,,,0,N,N,,,,,,,,,,,,2015092272,1,1,0,0,0,0,0,0,0,0,0,0,0,0,0,1,0,0,0,1,0,0,0,0,0,0,0,0,0,0,0,0,1,0,0,0,0,1,0,0,0,0,0,0,0,0,0,0,0,0,0,0,0,0,1,0,0,0,1,0,0,0,0,0,0,0,0,0,1,0,0,0,0,0,1,0,0,0,0,0,0,0,0,0,0,1,0,0,0,2015092272,3,3,1,64,2,E,1,70,55,464,548,SR 0070 HW
2234,2015092345,12,64,64101,64101,2015,9,1,1635,16,1,1,0,0,1,0,0,3,0,N,N,1,3,1,1,0,0,0,0,0,0,0,0,0,0,0,0,0,0,0,0,0,0,0,0,0,0,0,0,0,0,0,0,0,0,0,0,0,1,0,0,40 19:37.709,79 42:59.909,40.3271,-79.7166,2,1,3,N,,,0,Y,N,,,,,,,,,,,,2015092345,0,1,0,0,0,0,0,0,0,0,0,0,0,1,0,1,0,0,0,1,0,0,0,0,0,0,0,0,0,0,0,0,0,0,0,0,0,0,1,0,0,0,0,0,0,0,0,0,0,0,0,0,0,0,0,0,0,0,0,0,0,0,0,0,0,0,0,1,1,0,0,0,0,0,0,0,0,0,0,0,0,0,0,0,0,0,0,0,0,2015092345,3,3,3,64,2,W,2,30,45,91,2685,LINCOLN HW
2235,2015092393,12,64,64218,64218,2015,9,4,730,7,1,1,0,4,1,0,0,1,0,N,N,2,3,2,1,0,0,1,0,0,0,0,0,0,0,0,0,0,2,0,0,0,0,0,0,0,0,0,0,0,0,0,0,0,1,0,0,0,0,0,0,40 32:12.186,79 39:36.366,40.5367,-79.6601,,0,,N,,,0,,N,,,,,,,,,,,,2015092393,0,1,0,0,0,0,0,0,0,0,0,0,0,0,0,1,0,0,0,1,0,0,0,0,0,0,0,0,0,0,0,0,0,0,0,0,0,0,1,0,0,0,0,0,0,0,0,0,0,0,0,0,0,0,1,0,0,1,0,0,0,0,0,0,0,0,0,0,1,0,0,0,0,0,0,0,0,0,0,0,0,0,0,0,0,0,0,0,0,2015092393,3,3,3,64,2,S,2,4032,40,70,315,MERWIN RD
2236,2015092394,12,64,64102,64102,2015,9,3,2036,20,2,1,0,1,1,0,0,3,0,N,N,2,4,2,1,1,0,0,0,0,0,0,0,1,0,0,0,1,0,0,0,0,0,0,0,0,0,0,0,0,0,0,8,0,0,0,0,0,0,0,0,40 21:42.301,79 36:18.890,40.3618,-79.6052,1,2,5,N,,,0,N,N,,,,,,,,,,,,2015092394,0,1,0,0,0,0,0,0,1,0,1,0,0,0,0,0,0,1,0,1,0,0,0,0,0,0,1,0,0,0,0,0,0,0,0,1,0,0,0,0,0,0,0,0,0,0,0,0,0,0,0,0,0,0,0,0,0,0,0,0,0,0,0,0,0,0,0,0,1,0,0,0,0,1,0,0,1,0,0,0,1,0,0,0,0,0,0,0,0,2015092394,3,3,3,64,2,S,2,993,40,250,762,BUSHEY RUN RD
2237,2015092396,12,64,64201,64201,2015,9,4,617,6,2,1,0,1,1,2,0,1,0,N,N,2,2,2,2,0,0,0,0,0,0,0,0,0,0,0,0,0,0,0,0,0,0,0,0,0,0,0,0,0,0,0,0,0,0,0,0,0,0,0,0,40 35:23.607,79 36:00.404,40.5899,-79.6001,1,1,5,N,,,0,N,N,,,,,,,,,,,,2015092396,0,1,1,0,0,0,0,0,0,0,1,0,0,0,0,1,0,0,0,0,1,0,0,1,0,0,0,0,0,0,0,0,0,0,0,0,0,0,0,0,0,0,0,0,0,0,0,0,0,0,0,0,0,0,0,0,0,0,0,0,0,0,0,0,0,0,0,0,1,0,0,0,0,0,0,0,0,0,0,0,1,0,0,0,0,0,0,0,0,2015092396,3,3,3,64,2,N,2,356,45,72,0,SR 0356 HW
2238,2015092498,12,64,64209,68A01,2015,7,3,1036,10,1,1,0,0,1,0,0,3,3,N,N,2,1,1,0,1,0,0,0,0,0,0,0,1,0,1,0,0,0,0,0,0,0,0,0,0,0,0,0,0,0,0,3,0,0,0,0,0,1,0,0,40 18:28.447,79 35:47.685,40.3079,-79.5966,2,1,3,N,,,0,N,N,,,,,,,,,,,,2015092498,0,1,0,0,0,0,0,0,0,0,0,0,0,1,0,0,0,1,0,1,0,0,0,0,0,0,0,0,0,0,0,0,0,0,0,1,0,0,0,0,1,0,0,0,0,0,0,0,0,0,0,0,0,0,0,0,0,0,0,0,0,0,0,0,0,0,0,1,1,0,0,0,0,1,0,0,0,0,0,0,0,0,1,0,0,1,0,0,0,2015092498,3,3,3,64,2,E,2,30,45,230,1200,LINCOLN HW
2239,2015092499,12,64,64217,68A01,2015,8,7,36,0,2,1,0,7,4,0,0,1,0,N,N,1,1,1,0,0,0,1,0,0,0,0,0,0,0,0,0,0,1,0,0,0,0,0,0,0,0,0,0,0,0,0,9,0,0,0,0,0,0,0,0,40 15:59.670,79 23:40.590,40.2666,-79.3946,,0,,N,,,0,,N,,,,,,,,,,,,2015092499,0,0,1,1,0,0,0,0,0,0,0,0,1,1,0,1,0,0,0,1,0,0,0,0,0,0,0,0,0,1,0,0,1,0,0,0,0,0,0,0,0,0,0,0,0,0,0,0,0,0,0,0,0,0,0,0,0,0,0,0,0,0,0,0,0,0,0,0,1,0,0,0,0,0,0,0,0,0,0,0,1,0,0,0,0,1,0,0,0,2015092499,3,3,,64,2,W,4,,15,,,TOWN RD
2240,2015092500,12,64,64212,68A01,2015,8,4,615,6,5,1,0,7,4,0,0,1,0,N,N,1,1,1,1,0,0,0,0,0,0,0,0,0,0,0,0,0,0,1,0,0,0,0,0,0,0,0,0,0,0,0,0,0,0,0,0,0,0,0,0,40 10:11.355,79 25:42.336,40.1698,-79.4284,,0,,N,,,0,,N,,,,,,,,,,,,2015092500,0,1,0,0,0,0,0,0,0,0,0,0,1,1,0,1,0,0,0,1,0,0,0,0,0,0,0,1,0,0,0,0,0,0,0,0,0,0,0,0,0,0,0,0,0,0,0,0,0,0,1,0,0,0,0,1,0,0,0,0,1,0,0,1,0,0,0,0,1,0,0,0,0,0,0,0,0,0,0,0,0,0,0,0,0,1,0,0,0,2015092500,3,3,3,64,2,S,2,2025,45,70,2094,CLAY PIKE RD
2241,2015092501,12,64,64209,68A01,2015,8,7,1335,13,1,1,0,4,1,1,3,3,0,N,N,2,5,2,0,0,0,0,0,2,0,0,0,0,0,0,0,0,0,0,0,0,0,0,0,0,0,0,0,0,0,0,0,0,0,0,0,0,1,0,0,40 17:46.254,79 31:11.482,40.2962,-79.5199,2,2,6,N,,,3,Y,N,,,,,,,,,,,,2015092501,0,1,1,0,0,0,0,0,0,0,0,0,0,0,0,1,0,0,0,0,1,0,1,1,0,0,0,0,0,0,0,0,0,0,0,0,0,0,0,0,0,0,0,0,0,0,1,0,0,0,0,0,0,0,1,0,0,0,0,0,0,0,0,0,0,0,0,1,1,0,0,0,0,0,0,0,0,0,0,0,0,0,0,0,0,1,0,0,0,2015092501,3,3,3,64,2,E,2,130,35,342,2835,HUMPHREY RD
2242,2015092503,12,64,64217,68A01,2015,9,5,1125,11,1,1,0,2,1,2,3,1,0,N,N,2,2,2,1,1,0,0,0,0,0,0,0,0,0,0,0,0,0,0,0,0,0,0,0,0,0,0,0,0,0,0,0,0,0,0,0,0,0,1,0,40 14:23.686,79 27:06.567,40.2399,-79.4518,1,1,4,N,,,3,N,N,,,,,,,,,,,,2015092503,0,1,1,0,0,0,0,0,0,0,0,1,0,0,0,1,0,0,0,0,1,0,1,1,0,0,0,0,0,0,0,0,0,0,0,1,0,0,0,0,0,0,0,0,0,0,0,0,0,0,0,0,0,0,1,0,0,0,1,0,0,0,0,0,0,0,0,0,1,0,0,0,0,0,0,0,0,0,0,0,0,0,0,0,0,1,1,0,0,2015092503,3,3,3,64,2,W,2,130,50,482,0,SR 0130 SH
2243,2015092654,12,64,64412,64412,2015,9,4,500,5,3,1,0,8,1,1,3,2,0,N,N,2,2,1,1,0,0,0,0,0,0,0,0,1,0,0,1,0,0,1,0,0,0,0,0,0,0,0,1,0,0,0,4,0,0,0,0,0,0,0,0,40 18:43.866,79 22:37.632,40.3122,-79.3771,,0,,N,,,3,,N,,,,,,,,,,,,2015092654,0,0,1,1,0,0,0,0,0,0,0,0,0,0,0,0,0,1,0,0,1,0,1,1,0,0,0,0,0,0,0,0,0,0,0,0,0,0,0,0,0,0,0,0,0,0,0,0,0,0,0,0,0,0,0,0,0,0,0,0,1,1,1,0,0,0,0,0,0,0,0,0,0,1,0,0,0,0,0,0,1,1,0,0,0,0,0,0,0,2015092654,3,4,,64,2,N,4,,35,,,LINCOLN AV
2244,2015092708,12,64,64435,68A01,2015,9,3,1355,13,1,1,0,4,1,1,3,3,0,N,N,2,2,2,2,0,0,0,0,0,0,0,0,1,0,0,0,1,0,0,0,0,0,0,0,0,0,0,0,0,0,0,8,0,1,0,0,0,0,0,0,40 14:39.339,79 35:28.397,40.2443,-79.5912,,0,,Y,,,3,,N,,,,,,,,,,,,2015092708,0,1,1,0,0,0,0,0,0,0,0,0,0,0,0,0,0,1,0,0,1,0,1,1,0,0,0,0,0,0,0,0,0,0,0,0,0,0,0,0,0,0,0,0,0,0,0,0,0,0,0,0,0,0,1,1,0,1,0,0,0,0,0,0,0,0,0,0,1,0,0,0,0,1,0,0,0,0,0,0,0,0,0,0,0,1,1,0,0,2015092708,3,3,3,64,2,E,2,2012,40,40,2581,DEPOT ST
2245,2015092755,12,64,64212,68T09,2015,9,4,6,0,2,1,0,1,1,0,0,1,0,N,N,2,3,2,1,0,0,0,0,1,0,0,0,1,0,1,0,0,0,0,0,0,0,0,0,0,0,0,0,0,0,0,3,0,0,0,0,0,0,1,0,40 07:33.457,79 24:15.311,40.1259,-79.4041,2,1,3,N,,,0,N,N,,,,,,,,,,,,2015092755,0,0,0,0,1,0,0,0,0,0,1,0,0,0,0,0,0,1,0,1,0,0,0,0,0,0,0,0,0,0,0,0,0,0,0,0,0,0,0,0,0,0,0,0,0,0,0,0,0,0,0,0,0,1,1,0,0,0,1,0,0,0,0,1,0,0,0,0,1,0,0,0,0,1,0,0,0,0,0,0,1,0,1,0,0,1,0,0,0,2015092755,3,3,1,64,4,E,5,7076,55,430,2640,EAST/WEST TU
2246,2015092758,12,64,64436,68T09,2015,9,3,1008,10,1,1,0,7,3,0,0,3,2,N,N,1,1,1,0,0,0,0,1,0,0,0,0,0,0,0,0,0,0,0,0,0,0,0,0,0,0,0,0,0,0,1,0,0,0,0,0,0,0,0,0,40 13:24.288,79 36:20.118,40.2235,-79.6057,2,1,3,N,,,0,N,N,,,,,,,,,,,,2015092758,0,0,0,0,1,0,0,0,0,0,0,0,1,1,0,1,0,0,0,1,0,0,0,0,0,0,0,0,0,0,0,0,1,0,0,0,0,1,0,0,0,0,0,0,0,0,0,0,0,0,0,1,0,0,0,0,0,0,0,0,0,0,0,0,0,0,0,0,1,0,0,0,0,0,1,0,0,0,0,0,0,0,0,0,0,1,0,0,0,2015092758,3,3,1,64,2,E,5,7076,55,260,1056,EAST/WEST PK
2247,2015092858,12,64,64101,64101,2015,9,5,1232,12,1,1,1,2,1,2,2,3,0,N,N,2,2,2,0,0,0,1,0,1,0,0,0,0,0,0,0,0,0,0,0,0,0,0,0,0,0,0,0,0,0,0,0,0,0,0,1,0,0,0,0,40 19:46.201,79 44:02.659,40.3296,-79.7343,1,1,1,N,,,3,Y,N,,,,,,,,,,,,2015092858,0,1,1,0,0,1,0,0,0,0,0,1,0,0,0,1,0,0,0,0,1,1,0,0,0,0,0,0,0,0,0,0,0,0,0,0,0,0,0,0,0,0,0,0,0,0,0,0,0,0,0,0,0,0,0,0,0,0,0,0,0,0,0,0,0,1,0,0,1,0,0,0,0,0,0,0,0,0,0,0,0,0,0,0,0,0,0,0,0,2015092858,3,3,3,64,2,W,2,30,40,71,2770,LINCOLN HW
2248,2015093058,12,64,64215,68A01,2015,8,3,1830,18,1,1,0,7,4,0,0,1,0,N,N,1,2,1,1,0,0,0,0,0,0,0,0,1,0,1,0,0,0,2,0,0,0,0,0,0,0,0,0,0,0,0,3,0,0,0,0,0,0,0,0,40 17:15.130,79 43:23.350,40.2875,-79.7232,,0,,N,,,0,,N,,,,,,,,,,,,2015093058,0,0,1,1,0,0,0,0,0,0,0,0,1,1,0,0,0,1,0,1,0,0,0,0,0,0,0,0,0,0,0,0,0,0,0,0,0,0,0,0,0,0,0,0,0,0,0,0,0,0,0,0,0,0,0,0,0,0,0,0,1,0,0,0,0,0,0,0,1,0,0,0,1,1,0,1,0,1,0,1,0,0,1,0,0,1,0,0,0,2015093058,3,3,,64,99,S,3,,20,,,GENERAL BRADDOCK RD
2249,2015093143,12,64,64428,64428,2015,9,5,1704,17,1,1,0,1,1,1,2,3,0,N,N,2,2,2,1,0,0,1,0,0,0,0,0,0,0,0,0,0,0,0,0,0,0,0,0,0,0,0,0,0,0,0,0,0,0,0,0,0,0,0,0,40 17:24.119,79 32:41.547,40.29,-79.5449,1,1,4,N,,,3,N,N,,,,,,,,,,,,2015093143,0,1,1,0,0,0,0,0,0,0,1,0,0,0,0,1,0,0,0,0,1,1,0,0,0,0,0,0,0,0,0,0,0,0,0,0,0,0,0,0,0,0,0,0,0,1,0,0,0,0,0,0,0,0,0,0,0,0,0,0,0,0,1,0,0,0,0,0,1,0,0,0,0,0,0,0,0,0,0,0,0,0,0,0,0,0,0,0,0,2015093143,3,3,3,64,2,N,2,119,40,300,725,MAIN ST
2250,2015093168,12,64,64101,64101,2015,9,5,1721,17,1,1,0,1,1,1,2,3,0,N,N,3,3,3,2,0,0,0,0,1,0,0,0,0,0,0,0,0,0,0,0,0,0,0,0,0,0,0,0,0,0,0,0,0,0,0,0,0,1,0,0,40 19:01.920,79 41:01.912,40.3172,-79.6839,2,1,3,N,,,3,N,N,,,,,,,,,,,,2015093168,0,1,1,0,0,0,0,0,0,0,1,0,0,0,0,1,0,0,0,0,1,1,0,0,0,0,0,0,0,0,0,0,0,0,0,0,0,0,0,0,0,0,0,0,0,0,0,0,0,0,0,0,0,0,0,0,0,0,0,0,0,0,1,0,0,0,0,1,1,0,0,0,0,0,0,0,0,0,0,0,0,0,0,0,0,0,0,0,0,2015093168,3,3,3,64,2,E,2,30,40,130,1220,LINCOLN HW
2251,2015093261,12,64,64428,68A01,2015,7,2,2108,21,3,1,0,1,1,0,0,3,3,N,N,2,4,2,2,0,0,0,0,0,0,0,0,4,0,1,3,0,0,0,0,0,0,0,0,0,0,0,0,0,0,0,3,0,0,0,0,1,1,0,0,40 17:10.794,79 32:52.043,40.2863,-79.5478,3,2,4,N,,,0,Y,N,,,,,,,,,,,,2015093261,0,1,0,0,0,0,0,0,0,0,1,0,0,0,0,0,0,1,0,1,0,0,0,0,0,0,0,0,0,0,0,0,0,0,0,0,0,0,0,0,0,0,0,0,0,0,0,0,0,0,0,0,0,1,1,0,0,0,0,0,0,0,0,0,0,0,1,1,1,0,0,0,0,1,0,0,0,0,0,0,1,1,1,0,0,1,0,0,0,2015093261,3,3,1,64,2,W,2,30,45,301,1096,LINCOLN HW
2252,2015093262,12,64,64209,68A01,2015,8,1,211,2,2,1,0,7,4,0,0,3,0,N,N,1,1,1,0,0,0,0,0,1,0,0,0,0,0,0,0,0,0,1,0,0,0,0,0,0,0,0,0,0,0,0,0,0,0,0,0,0,0,0,0,40 18:44.391,79 37:04.224,40.3123,-79.6178,2,1,1,N,,,0,N,N,,,,,,,,,,,,2015093262,0,1,0,0,0,0,0,0,0,0,0,0,1,1,0,1,0,0,0,1,0,0,0,0,0,0,0,0,0,1,0,0,0,0,0,0,0,0,0,0,0,1,1,0,0,0,0,0,0,0,0,0,0,0,0,0,0,0,0,0,1,0,0,1,0,0,0,0,1,0,0,0,0,0,0,1,0,0,0,0,1,0,0,0,0,1,0,0,0,2015093262,3,3,3,64,2,S,2,4006,40,10,582,LEWIS AV
2253,2015093263,12,64,64215,68A01,2015,9,7,628,6,5,1,0,7,4,0,0,1,0,N,N,1,1,1,1,0,0,0,0,0,0,0,0,0,0,0,0,0,1,0,0,0,0,0,0,0,0,0,0,0,0,0,9,0,0,0,0,0,0,0,0,40 15:32.651,79 46:07.571,40.2591,-79.7688,2,1,2,N,,,0,N,N,,,,,,,,,,,,2015093263,0,1,0,0,0,0,0,0,0,0,0,0,1,1,0,1,0,0,0,1,0,0,0,0,0,0,0,0,0,0,0,0,0,0,0,0,0,0,0,0,0,0,0,0,0,0,0,0,0,0,1,0,0,0,0,0,0,0,0,0,0,0,0,1,0,0,0,0,1,0,0,0,0,0,0,0,0,0,0,0,0,0,0,0,0,1,0,0,0,2015093263,3,3,3,64,2,N,2,3045,45,50,471,MARS HILL RD
2254,2015093335,12,64,64411,64411,2015,9,6,836,8,1,1,0,4,1,0,0,3,7,N,N,2,3,2,1,0,0,1,0,0,0,0,0,1,0,0,1,0,0,0,0,0,0,0,0,0,0,0,0,0,0,0,4,0,0,0,0,1,0,0,0,40 19:23.993,79 41:57.774,40.3233,-79.6994,,0,,N,,,0,,N,,,,,,,,,,,,2015093335,0,1,0,0,0,0,0,0,0,0,0,0,0,0,0,0,0,1,0,1,0,0,0,0,0,0,0,0,0,0,0,0,0,0,0,0,0,0,0,0,0,0,0,0,0,0,1,0,0,0,0,0,0,0,1,0,0,0,0,0,0,0,0,0,0,0,1,0,1,0,0,0,0,1,0,0,0,0,0,0,0,1,0,0,1,0,0,0,0,2015093335,3,3,3,64,2,E,2,30,55,110,1935,LINCOLN HW
2255,2015093344,12,64,64437,64437,2015,9,6,747,7,1,1,0,1,1,0,0,3,0,N,N,2,2,2,2,0,0,0,0,0,0,0,0,0,0,0,0,0,1,0,0,0,0,0,0,0,0,0,0,0,0,0,0,0,0,0,0,0,0,1,0,40 25:35.171,79 40:44.926,40.4264,-79.6791,,0,,N,,,0,,N,,,,,,,,,,,,2015093344,0,1,0,0,0,0,0,0,0,0,1,0,0,0,0,1,0,0,0,1,0,0,0,0,0,0,0,0,0,0,0,0,0,0,0,0,0,0,0,0,0,0,0,0,0,0,0,0,1,0,0,0,0,0,1,0,0,0,1,0,0,0,0,0,0,0,0,0,1,0,0,0,0,0,0,0,0,0,0,0,0,0,0,0,0,0,0,0,0,2015093344,3,3,3,64,2,E,2,22,45,40,1161,WILLIAM PENN HW
2256,2015093595,12,64,64420,64420,2015,9,6,1747,17,1,1,0,1,1,1,0,3,0,N,N,3,4,3,3,0,0,0,0,0,0,0,0,1,0,0,0,1,0,0,0,0,0,0,0,0,0,0,0,0,0,0,8,1,0,1,0,0,0,0,0,40 07:59.616,79 51:41.663,40.1332,-79.8616,1,1,2,N,,,0,N,N,,,,,,,,,,,,2015093595,0,1,1,0,0,0,0,0,0,0,1,0,0,0,0,0,0,1,0,0,1,0,0,1,0,0,0,0,0,0,0,0,0,0,0,0,0,0,0,0,0,0,0,0,0,0,0,0,0,0,0,0,0,1,1,0,1,0,0,0,0,0,0,0,1,0,0,0,1,0,0,0,0,1,0,0,0,0,0,0,0,0,0,0,0,0,0,0,0,2015093595,3,3,3,64,2,S,2,3007,25,10,606,FAYETTE ST
2257,2015093643,12,64,64437,64437,2015,9,6,639,6,2,1,0,4,1,2,3,3,0,N,N,2,3,2,1,0,0,0,0,1,0,0,0,1,0,0,1,0,0,0,0,0,0,0,0,0,0,0,0,0,0,0,4,0,0,0,0,0,1,1,0,40 29:56.184,79 41:00.565,40.499,-79.6832,3,2,4,N,,,3,Y,N,,,,,,,,,,,,2015093643,0,1,0,0,0,0,0,0,0,0,0,0,0,0,0,0,0,1,0,0,1,0,1,1,0,0,0,0,0,0,0,0,0,0,0,0,0,0,0,0,0,0,0,0,0,0,1,0,0,0,0,0,0,0,1,0,0,0,1,0,0,0,0,0,0,0,0,1,1,0,0,0,0,1,0,0,0,0,0,0,1,1,0,0,0,0,0,0,0,2015093643,3,3,3,64,2,N,2,400,55,40,555,SALTSBURG RD
2258,2015093655,12,64,64217,68A01,2015,8,1,505,5,2,1,0,7,4,0,0,1,0,N,N,1,1,1,0,0,0,1,0,0,0,0,0,0,0,0,0,0,0,0,0,0,0,0,0,0,0,0,0,0,0,0,0,0,0,0,0,0,0,0,0,40 17:06.724,79 18:50.483,40.2852,-79.314,2,1,3,N,,,0,N,N,,,,,,,,,,,,2015093655,0,1,0,0,0,0,0,0,0,0,0,0,1,1,0,1,0,0,0,1,0,0,0,0,0,0,0,0,0,0,1,0,0,0,0,0,0,0,0,0,0,0,0,0,0,0,0,0,0,0,0,0,0,0,0,1,0,0,0,0,0,0,1,0,0,0,0,0,1,0,0,0,0,0,0,0,0,0,0,0,1,0,0,0,0,1,0,0,0,2015093655,3,3,3,64,2,E,2,30,55,560,1821,LINCOLN HW