_id,CRASH_CRN,DISTRICT,CRASH_COUNTY,MUNICIPALITY,POLICE_AGCY,CRASH_YEAR,CRASH_MONTH,DAY_OF_WEEK,TIME_OF_DAY,HOUR_OF_DAY,ILLUMINATION,WEATHER,ROAD_CONDITION,COLLISION_TYPE,RELATION_TO_ROAD,INTERSECT_TYPE,TCD_TYPE,URBAN_RURAL,LOCATION_TYPE,SCH_BUS_IND,SCH_ZONE_IND,TOTAL_UNITS,PERSON_COUNT,VEHICLE_COUNT,AUTOMOBILE_COUNT,MOTORCYCLE_COUNT,BUS_COUNT,SMALL_TRUCK_COUNT,HEAVY_TRUCK_COUNT,SUV_COUNT,VAN_COUNT,BICYCLE_COUNT,FATAL_COUNT,INJURY_COUNT,MAJ_INJ_COUNT,MOD_INJ_COUNT,MIN_INJ_COUNT,UNK_INJ_DEG_COUNT,UNK_INJ_PER_COUNT,UNBELTED_OCC_COUNT,UNB_DEATH_COUNT,UNB_MAJ_INJ_COUNT,BELTED_DEATH_COUNT,BELTED_MAJ_INJ_COUNT,MCYCLE_DEATH_COUNT,MCYCLE_MAJ_INJ_COUNT,BICYCLE_DEATH_COUNT,BICYCLE_MAJ_INJ_COUNT,PED_COUNT,PED_DEATH_COUNT,PED_MAJ_INJ_COUNT,COMM_VEH_COUNT,MAX_SEVERITY_LEVEL,DRIVER_COUNT_16YR,DRIVER_COUNT_17YR,DRIVER_COUNT_18YR,DRIVER_COUNT_19YR,DRIVER_COUNT_20YR,DRIVER_COUNT_50_64YR,DRIVER_COUNT_65_74YR,DRIVER_COUNT_75PLUS,LATITUDE,LONGITUDE,DEC_LAT,DEC_LONG,EST_HRS_CLOSED,LANE_CLOSED,LN_CLOSE_DIR,NTFY_HIWY_MAINT,RDWY_SURF_TYPE_CD,SPEC_JURIS_CD,TCD_FUNC_CD,TFC_DETOUR_IND,WORK_ZONE_IND,WORK_ZONE_TYPE,WORK_ZONE_LOC,CONS_ZONE_SPD_LIM,WORKERS_PRES,WZ_CLOSE_DETOUR,WZ_FLAGGER,WZ_LAW_OFFCR_IND,WZ_LN_CLOSURE,WZ_MOVING,WZ_OTHER,WZ_SHLDER_MDN,FLAG_CRN,INTERSTATE,STATE_ROAD,LOCAL_ROAD,LOCAL_ROAD_ONLY,TURNPIKE,WET_ROAD,SNOW_SLUSH_ROAD,ICY_ROAD,SUDDEN_DEER,SHLDR_RELATED,REAR_END,HO_OPPDIR_SDSWP,HIT_FIXED_OBJECT,SV_RUN_OFF_RD,WORK_ZONE,PROPERTY_DAMAGE_ONLY,FATAL_OR_MAJ_INJ,INJURY,FATAL,NON_INTERSECTION,INTERSECTION,SIGNALIZED_INT,STOP_CONTROLLED_INT,UNSIGNALIZED_INT,SCHOOL_BUS,SCHOOL_ZONE,HIT_DEER,HIT_TREE_SHRUB,HIT_EMBANKMENT,HIT_POLE,HIT_GDRAIL,HIT_GDRAIL_END,HIT_BARRIER,HIT_BRIDGE,OVERTURNED,MOTORCYCLE,BICYCLE,HVY_TRUCK_RELATED,VEHICLE_FAILURE,TRAIN_TROLLEY,PHANTOM_VEHICLE,ALCOHOL_RELATED,DRINKING_DRIVER,UNDERAGE_DRNK_DRV,UNLICENSED,CELL_PHONE,NO_CLEARANCE,RUNNING_RED_LT,TAILGATING,CROSS_MEDIAN,CURVE_DVR_ERROR,LIMIT_65MPH,SPEEDING,SPEEDING_RELATED,AGGRESSIVE_DRIVING,FATIGUE_ASLEEP,DRIVER_16YR,DRIVER_17YR,DRIVER_65_74YR,DRIVER_75PLUS,UNBELTED,PEDESTRIAN,DISTRACTED,CURVED_ROAD,DRIVER_18YR,DRIVER_19YR,DRIVER_20YR,DRIVER_50_64YR,VEHICLE_TOWED,FIRE_IN_VEHICLE,HIT_PARKED_VEHICLE,MC_DRINKING_DRIVER,DRUGGED_DRIVER,INJURY_OR_FATAL,COMM_VEHICLE,IMPAIRED_DRIVER,DEER_RELATED,DRUG_RELATED,HAZARDOUS_TRUCK,ILLEGAL_DRUG_RELATED,ILLUMINATION_DARK,MINOR_INJURY,MODERATE_INJURY,MAJOR_INJURY,NHTSA_AGG_DRIVING,PSP_REPORTED,RUNNING_STOP_SIGN,TRAIN,TROLLEY,ROADWAY_CRN,RDWY_SEQ_NUM,ADJ_RDWY_SEQ,ACCESS_CTRL,ROADWAY_COUNTY,LANE_COUNT,RDWY_ORIENT,ROAD_OWNER,ROUTE,SPEED_LIMIT,SEGMENT,OFFSET,STREET_NAME
2288,2015094567,12,64,64209,68A01,2015,9,3,2241,22,3,1,0,7,4,1,2,3,0,N,N,1,1,1,1,0,0,0,0,0,0,0,0,0,0,0,0,0,0,0,0,0,0,0,0,0,0,0,0,0,0,0,0,0,0,0,1,0,0,0,0,40 18:19.905,79 34:42.107,40.3055,-79.5783,,0,,N,,,3,,N,,,,,,,,,,,,2015094567,0,1,1,0,0,0,0,0,0,0,0,0,1,1,0,1,0,0,0,0,1,1,0,0,0,0,0,0,0,0,0,0,0,0,0,0,0,0,0,0,0,0,0,0,0,0,0,0,0,0,0,0,0,0,0,0,0,0,0,0,0,0,0,0,0,1,0,0,1,0,0,0,0,0,0,0,0,0,0,0,1,0,0,0,0,1,0,0,0,2015094567,3,3,3,64,2,E,2,30,45,250,2125,LINCOLN HW
2289,2015094568,12,64,64204,68A01,2015,9,4,714,7,1,1,0,7,5,0,0,1,0,N,N,1,1,1,0,0,0,0,1,0,0,0,0,0,0,0,0,0,0,0,0,0,0,0,0,0,0,0,0,0,0,1,0,0,0,1,0,0,0,0,0,40 17:34.039,79 19:58.254,40.2928,-79.3328,,0,,Y,,,0,,N,,,,,,,,,,,,2015094568,0,1,0,0,0,0,0,0,0,0,0,0,1,1,0,1,0,0,0,1,0,0,0,0,0,0,0,0,0,0,0,0,1,0,0,0,0,1,0,0,0,0,0,0,0,0,0,0,0,0,0,0,0,0,0,0,0,0,0,0,0,0,0,1,1,0,0,0,1,0,0,0,0,0,1,0,0,0,0,0,0,0,0,0,0,1,0,0,0,2015094568,3,3,3,64,2,W,2,30,50,541,2336,LINCOLN HW
2290,2015094569,12,64,64435,68A01,2015,9,5,2328,23,3,1,0,4,1,0,0,3,0,N,N,2,1,2,1,0,0,0,0,0,0,0,0,1,0,0,1,0,0,0,0,0,0,0,0,0,0,0,0,0,0,0,4,0,0,0,0,0,0,0,1,40 14:09.665,79 34:54.087,40.236,-79.5817,2,1,2,N,,,0,Y,N,,,,,,,,,,,,2015094569,0,1,0,0,0,0,0,0,0,0,0,0,0,0,0,0,0,1,0,1,0,0,0,0,0,0,0,1,0,0,0,0,0,0,0,0,0,0,0,0,0,0,0,0,0,0,0,0,0,0,0,0,0,0,0,1,0,0,0,1,0,0,0,0,0,0,0,0,1,0,1,0,0,1,0,0,0,0,0,0,1,1,0,0,0,1,0,0,0,2015094569,3,3,3,64,2,S,2,119,35,191,1728,FOURTH ST
2291,2015094570,12,64,64435,68A01,2015,9,6,1416,14,1,1,0,9,1,1,2,3,0,N,N,2,2,2,2,0,0,0,0,0,0,0,0,1,0,0,1,0,0,0,0,0,0,0,0,0,0,0,0,0,0,0,4,0,0,0,0,0,1,0,1,40 13:58.405,79 34:58.524,40.2329,-79.5829,3,1,2,N,,,3,N,N,,,,,,,,,,,,2015094570,0,1,1,0,0,0,0,0,0,0,0,0,0,0,0,0,0,1,0,0,1,1,0,0,0,0,0,0,0,0,0,0,0,0,0,0,0,0,0,0,0,0,0,0,0,0,0,1,0,0,0,0,0,0,1,0,0,0,0,1,0,0,0,0,0,0,0,1,1,0,0,0,0,1,0,0,0,0,0,0,0,1,0,0,0,1,0,0,0,2015094570,3,3,3,64,2,N,2,119,55,190,600,THIRD ST
2292,2015094675,12,64,64103,64103,2015,9,3,1008,10,1,1,0,1,1,0,0,1,0,N,N,2,2,2,2,0,0,0,0,0,0,0,0,1,0,0,0,1,0,0,0,0,0,0,0,0,0,0,0,0,0,0,8,0,0,0,0,0,1,0,1,40 10:39.396,79 48:19.645,40.1776,-79.8055,,0,,N,,,0,,N,,,,,,,,,,,,2015094675,0,1,0,0,0,0,0,0,0,0,1,0,0,0,0,0,0,1,0,1,0,0,0,0,0,0,0,0,0,0,0,0,0,0,0,0,0,0,0,0,0,0,0,0,0,0,0,0,0,0,0,0,0,0,0,0,0,0,0,1,0,0,0,0,0,0,0,1,1,0,0,0,0,1,0,0,0,0,0,0,0,0,0,0,0,0,0,0,0,2015094675,3,3,3,64,2,S,2,201,35,110,597,ROSTRAVER RD
2293,2015094691,12,64,64412,64412,2015,9,3,915,9,1,1,0,1,1,0,2,2,0,N,N,2,2,2,0,0,0,0,0,2,0,0,0,1,0,0,1,0,0,0,0,0,0,0,0,0,0,0,0,0,0,0,4,0,0,0,0,0,1,0,0,40 17:44.358,79 22:19.510,40.2957,-79.3721,2,1,2,N,,,3,N,N,,,,,,,,,,,,2015094691,0,1,0,0,0,0,0,0,0,0,1,0,0,0,0,0,0,1,0,1,0,0,0,0,0,0,0,0,0,0,0,0,0,0,0,0,0,0,0,0,0,0,0,0,0,0,0,0,1,0,0,0,0,0,1,0,0,0,0,0,0,0,0,0,0,0,0,1,1,0,0,0,0,1,0,0,0,0,0,0,0,1,0,0,0,0,0,0,0,2015094691,3,3,3,64,2,S,2,982,40,250,215,EATON RD
2294,2015094741,12,64,64437,64437,2015,9,1,1301,13,1,1,0,1,1,2,0,3,0,N,N,3,4,3,2,0,0,0,0,1,0,0,0,0,0,0,0,0,0,0,0,0,0,0,0,0,0,0,0,0,0,0,0,0,0,0,0,0,0,0,1,40 25:42.013,79 41:47.331,40.4283,-79.6965,,0,,N,,,0,,N,,,,,,,,,,,,2015094741,0,0,1,1,0,0,0,0,0,0,1,0,0,0,0,1,0,0,0,0,1,0,0,1,0,0,0,0,0,0,0,0,0,0,0,0,0,0,0,0,0,0,0,0,0,0,0,0,0,0,0,0,0,0,0,0,0,0,0,1,0,0,1,0,0,0,0,0,1,0,0,0,0,0,0,0,0,0,0,0,0,0,0,0,0,0,0,0,0,2015094741,3,4,,64,2,N,4,,,,,MCCLOY RD
2295,2015094905,12,64,64428,64428,2015,9,1,1032,10,1,1,0,2,6,0,0,3,0,N,N,2,1,2,1,0,0,0,0,0,0,0,0,0,0,0,0,0,0,1,0,0,0,0,0,0,0,0,0,0,0,0,0,0,0,0,0,1,0,0,0,40 17:37.600,79 33:13.600,40.2938,-79.5538,,0,,N,,,0,,N,,,,,,,,,,,,2015094905,0,0,1,1,0,0,0,0,0,0,0,1,0,0,0,1,0,0,0,1,0,0,0,0,0,0,0,0,0,0,0,0,0,0,0,0,0,0,0,0,0,0,0,0,0,1,0,0,0,0,0,0,0,0,0,0,0,0,0,0,1,0,1,0,0,0,1,0,1,0,1,0,0,0,0,0,0,0,0,0,0,0,0,0,0,0,0,0,0,2015094905,3,3,,64,2,S,4,,25,,,CRIBBS ST
2296,2015094971,12,64,64206,68A01,2015,8,6,1846,18,1,1,2,0,1,7,0,1,2,N,N,1,2,1,0,1,0,0,0,0,0,0,0,2,0,2,0,0,0,0,0,0,0,0,0,0,0,0,0,0,0,0,3,0,0,0,0,0,0,0,0,40 07:29.510,79 33:23.278,40.1249,-79.5565,1,2,2,N,,,0,N,Y,1,8,45,N,N,N,N,Y,N,N,N,2015094971,0,1,0,0,0,0,0,0,0,0,0,0,0,1,1,0,0,1,0,0,1,0,0,1,0,0,0,0,0,0,0,0,0,0,0,1,0,0,0,0,0,0,0,0,0,0,0,0,0,0,0,0,0,1,1,0,0,0,0,0,0,0,0,0,0,0,0,0,1,0,0,0,0,1,0,0,0,0,0,0,0,0,1,0,0,1,0,0,0,2015094971,3,3,1,64,2,S,2,119,55,21,1130,CONNELLSVL NEW STANTON RD
2297,2015094972,12,64,64217,68A01,2015,9,4,1216,12,1,1,0,1,1,0,0,1,0,N,N,2,2,2,0,0,0,0,2,0,0,0,0,0,0,0,0,0,0,0,0,0,0,0,0,0,0,0,0,0,0,2,0,0,0,0,0,0,1,0,0,40 17:38.626,79 28:18.554,40.2941,-79.4718,1,1,4,N,,,0,N,N,,,,,,,,,,,,2015094972,0,1,0,0,0,0,0,0,0,0,1,0,0,0,0,1,0,0,0,1,0,0,0,0,0,0,0,0,0,0,0,0,0,0,0,0,0,1,0,0,0,0,0,0,0,0,0,0,1,0,0,0,0,0,1,0,0,0,0,0,0,0,0,0,0,0,0,1,1,0,0,0,0,0,1,0,0,0,0,0,0,0,0,0,0,1,0,0,0,2015094972,3,3,3,64,2,W,2,30,50,391,2396,LINCOLN HW
2298,2015094973,12,64,64204,68A01,2015,9,6,1547,15,1,1,0,1,1,0,0,1,0,N,N,2,3,2,1,0,0,0,0,1,0,0,0,2,0,0,2,0,0,0,0,0,0,0,0,0,0,0,0,0,0,0,4,0,0,0,0,0,0,0,0,40 20:15.752,79 22:21.692,40.3377,-79.3727,,0,,N,,,0,,N,,,,,,,,,,,,2015094973,0,1,0,0,0,0,0,0,0,0,1,0,0,0,0,0,0,1,0,1,0,0,0,0,0,0,0,0,0,0,0,0,0,0,0,0,0,0,0,0,0,0,0,0,0,0,0,0,1,0,0,0,1,1,1,0,0,0,0,0,0,0,0,1,0,0,0,0,0,0,0,0,0,1,0,0,0,0,0,0,0,1,0,0,1,1,0,0,0,2015094973,3,3,3,64,2,N,2,981,50,710,1812,OLD DERRY RD
2299,2015095041,12,64,64428,64427,2015,9,3,1650,16,1,1,0,1,1,7,4,3,2,N,N,2,2,2,1,1,0,0,0,0,0,0,0,1,0,0,1,0,0,0,0,0,0,0,0,0,0,0,0,0,0,0,4,0,0,0,0,0,1,0,0,40 17:06.336,79 32:53.966,40.2853,-79.5482,1,1,2,N,,,3,N,N,,,,,,,,,,,,2015095041,0,1,0,0,0,0,0,0,0,0,1,0,0,0,0,0,0,1,0,0,1,0,0,1,0,0,0,0,0,0,0,0,0,0,0,1,0,0,0,0,0,0,0,0,0,0,0,0,0,0,0,0,0,0,1,0,0,0,0,0,0,0,0,1,0,0,0,1,1,0,0,0,0,1,0,0,0,0,0,0,0,1,0,0,0,0,0,0,0,2015095041,3,3,3,64,2,S,2,119,40,291,1275,MAIN ST
2300,2015095075,12,64,64303,64303,2015,9,6,1258,12,1,1,0,6,1,1,3,3,0,N,N,2,4,2,2,0,0,0,0,0,0,0,0,1,0,0,0,1,0,0,0,0,0,0,0,0,0,0,0,0,0,0,8,0,0,0,0,0,1,0,0,40 19:43.798,79 36:57.551,40.3288,-79.616,1,1,5,N,,,3,N,N,,,,,,,,,,,,2015095075,0,1,1,0,0,0,0,0,0,0,0,1,0,0,0,0,0,1,0,0,1,0,1,1,0,0,0,0,0,0,0,0,0,0,0,0,0,0,0,0,0,0,0,0,0,0,0,0,0,0,0,0,0,0,1,0,0,0,0,0,0,0,0,0,0,0,0,1,1,0,0,0,0,1,0,0,0,0,0,0,0,0,0,0,0,0,1,0,0,2015095075,3,3,3,64,2,S,2,4007,35,20,0,FOURTH ST
2301,2015095076,12,64,64305,64305,2015,9,4,849,8,1,1,0,4,1,2,3,3,0,N,N,2,3,2,1,0,0,1,0,0,0,0,0,0,0,0,0,0,0,0,0,0,0,0,0,0,0,0,0,0,0,0,0,0,0,0,0,0,0,0,0,40 34:57.831,79 44:36.936,40.5827,-79.7436,1,1,4,N,,,3,Y,N,,,,,,,,,,,,2015095076,0,1,1,0,0,0,0,0,0,0,0,0,0,0,0,1,0,0,0,0,1,0,1,1,0,0,0,0,0,0,0,0,0,0,0,0,0,0,0,0,0,0,0,0,0,0,1,0,0,0,0,0,0,0,1,0,0,0,0,0,0,0,0,0,0,0,0,0,1,0,0,0,0,0,0,0,0,0,0,0,0,0,0,0,0,0,0,0,0,2015095076,3,3,3,64,2,N,2,4083,25,60,1099,CRAIGDELL RD
2302,2015095256,12,64,64302,68A01,2015,9,6,630,6,5,1,0,2,1,1,2,3,0,N,N,2,2,2,1,0,0,1,0,0,0,0,0,2,1,0,1,0,0,0,0,0,0,1,0,0,0,0,0,0,0,0,2,0,0,0,0,0,0,0,0,40 19:36.880,79 32:46.761,40.3269,-79.5463,2,1,3,N,,,3,Y,N,,,,,,,,,,,,2015095256,0,1,1,0,0,0,0,0,0,0,0,1,0,0,0,0,1,1,0,0,1,1,0,0,0,0,0,0,0,0,0,0,0,0,0,0,0,0,0,0,0,0,0,0,0,0,0,0,0,0,0,0,0,0,0,0,0,0,0,0,0,0,0,0,0,0,0,0,1,0,0,0,0,1,0,0,0,0,0,0,0,1,0,1,0,1,0,0,0,2015095256,3,3,3,64,2,N,2,66,35,40,0,BUSINESS RT 66 RD
2303,2015095257,12,64,64427,68A01,2015,9,2,1540,15,1,1,0,0,1,0,0,3,0,N,N,1,1,1,0,0,0,0,0,1,0,0,0,0,0,0,0,0,0,0,0,0,0,0,0,0,0,0,0,0,0,0,0,0,0,0,0,0,0,0,0,40 17:02.722,79 32:32.122,40.2841,-79.5423,,0,,N,,,0,,N,,,,,,,,,,,,2015095257,0,1,0,0,0,0,0,0,0,0,0,0,0,1,0,1,0,0,0,1,0,0,0,0,0,0,0,0,0,0,0,0,0,0,0,0,0,0,1,0,0,0,0,0,0,0,0,0,0,0,0,0,0,0,0,0,0,0,0,0,0,0,0,0,0,0,0,0,1,0,0,0,0,0,0,0,0,0,0,0,0,0,0,0,0,1,0,0,0,2015095257,3,3,1,64,2,E,2,30,55,300,2501,LINCOLN HW
2304,2015095437,12,64,64103,64103,2015,9,4,1640,16,1,1,0,2,1,1,0,1,0,N,N,2,4,2,2,0,0,0,0,0,0,0,0,2,0,0,0,2,0,0,0,0,0,0,0,0,0,0,0,0,0,0,8,0,0,1,1,0,0,0,0,40 09:23.923,79 49:28.450,40.1566,-79.8246,2,1,5,N,,,0,N,N,,,,,,,,,,,,2015095437,0,1,0,0,0,0,0,0,0,0,0,1,0,0,0,0,0,1,0,0,1,0,0,1,0,0,0,0,0,0,0,0,0,0,0,0,0,0,0,0,0,0,0,0,0,0,0,0,0,0,0,0,0,0,1,0,0,0,0,0,0,0,0,0,1,1,0,0,1,0,0,0,0,1,0,0,0,0,0,0,0,0,0,0,0,0,0,0,0,2015095437,3,3,3,64,2,S,2,201,45,70,0,ROSTRAVER RD
2305,2015095440,12,64,64102,64102,2015,9,4,1910,19,4,1,0,2,1,0,0,3,0,N,N,2,5,2,1,0,0,0,0,1,0,0,0,1,0,0,0,1,1,0,0,0,0,0,0,0,0,0,0,0,0,0,8,0,0,0,0,0,0,0,0,40 23:51.049,79 42:39.295,40.3975,-79.7109,1,2,7,N,,,0,Y,N,,,,,,,,,,,,2015095440,0,0,1,1,0,0,0,0,0,0,0,1,0,0,0,0,0,1,0,1,0,0,0,0,0,0,0,0,0,0,0,0,0,0,0,0,0,0,0,0,0,0,0,0,0,0,0,0,0,0,0,0,0,0,0,0,0,0,0,0,0,0,1,1,0,0,0,0,1,0,0,0,0,1,0,0,0,0,0,0,0,0,0,0,0,0,0,0,0,2015095440,3,3,,64,2,E,4,,25,,,MEADOWBROOK RD
2306,2015095469,12,64,64101,64101,2015,9,1,212,2,2,1,1,0,5,2,0,3,0,N,N,1,1,1,1,0,0,0,0,0,0,0,0,1,0,0,0,1,0,0,0,0,0,0,0,0,0,0,0,0,0,0,8,0,0,0,0,0,1,0,0,40 17:42.584,79 45:22.512,40.2952,-79.7563,,0,,N,,,0,,N,,,,,,,,,,,,2015095469,0,1,1,0,0,1,0,0,1,0,0,0,0,1,0,0,0,1,0,0,1,0,0,1,0,0,0,0,0,0,0,0,0,0,1,0,0,0,1,0,0,1,1,0,0,0,0,0,0,0,0,0,0,0,0,0,0,0,0,0,0,0,0,1,0,0,0,1,1,0,0,0,0,1,0,1,1,0,0,0,1,0,0,0,0,0,0,0,0,2015095469,3,3,3,64,2,N,2,3049,35,20,815,GUFFY RD
2307,2015095488,12,64,64209,68A01,2015,8,3,2304,23,3,1,0,7,5,2,0,3,0,N,N,1,1,1,0,0,0,0,0,1,0,0,0,1,0,0,1,0,0,0,0,0,0,0,0,0,0,0,0,0,0,0,4,0,0,0,0,0,0,0,0,40 16:48.453,79 36:54.394,40.2801,-79.6151,2,2,7,N,,,0,Y,N,,,,,,,,,,,,2015095488,0,1,0,0,0,0,0,0,0,0,0,0,1,1,0,0,0,1,0,0,1,0,0,1,0,0,0,0,1,0,0,0,0,0,0,0,0,0,0,0,0,1,1,0,0,0,1,0,0,0,0,0,0,1,1,0,0,0,0,0,0,0,0,0,0,0,0,0,1,0,0,0,0,1,0,1,0,0,0,0,1,1,0,0,1,1,1,0,0,2015095488,3,3,3,64,2,E,2,136,35,300,0,WEST NEWTON ST
2308,2015095557,12,64,64103,64103,2015,9,4,825,8,1,1,0,4,1,2,0,1,0,N,N,2,2,2,1,0,0,0,1,0,0,0,0,2,0,0,2,0,0,0,0,0,0,0,0,0,0,0,0,0,0,1,4,0,0,0,0,0,1,0,0,40 11:00.592,79 50:55.767,40.1835,-79.8488,2,2,2,N,,,0,N,N,,,,,,,,,,,,2015095557,0,1,1,0,0,0,0,0,0,0,0,0,0,0,0,0,0,1,0,0,1,0,0,1,0,0,0,0,0,0,0,0,0,0,0,0,0,1,0,0,0,0,0,0,0,0,0,0,0,0,0,0,0,0,1,0,0,0,0,0,0,0,0,0,0,0,0,1,1,0,0,0,0,1,1,0,0,0,0,0,0,1,0,0,0,0,0,0,0,2015095557,3,3,3,64,2,S,2,906,35,151,1400,WEBSTER RD
2309,2015095604,12,64,64306,64306,2015,9,5,953,9,1,1,0,7,2,0,0,3,0,N,N,1,1,1,1,0,0,0,0,0,0,0,0,1,0,0,0,1,0,1,0,0,0,0,0,0,0,0,0,0,0,0,8,0,0,0,0,0,0,0,0,40 35:24.402,79 43:34.958,40.5901,-79.7264,,0,,N,,,0,,N,,,,,,,,,,,,2015095604,0,1,0,0,0,0,0,0,0,0,0,0,1,1,0,0,0,1,0,1,0,0,0,0,0,0,0,0,0,1,0,0,0,0,0,0,0,0,0,0,0,0,0,0,0,0,0,0,0,0,0,0,0,0,0,0,0,0,0,0,1,0,1,0,0,0,0,0,1,0,0,0,0,1,0,0,0,0,0,0,0,0,0,0,0,0,0,0,0,2015095604,3,3,3,64,2,E,2,4044,35,10,1746,LEECHBURG RD
2310,2015095665,12,64,64201,64201,2015,9,5,1129,11,1,2,1,4,1,0,0,1,7,N,N,2,2,2,1,0,0,0,0,0,1,0,0,1,0,0,0,1,0,0,0,0,0,0,0,0,0,0,0,0,0,0,8,0,0,0,0,0,0,0,0,40 36:32.390,79 36:38.366,40.609,-79.6107,,0,,N,,,0,,N,,,,,,,,,,,,2015095665,0,0,1,1,0,1,0,0,0,0,0,0,0,0,0,0,0,1,0,1,0,0,0,0,0,0,0,0,0,0,0,0,0,0,0,0,0,0,0,0,0,0,0,0,0,0,0,0,0,0,0,0,0,0,0,0,0,0,0,0,0,0,0,0,0,0,0,0,1,0,0,0,0,1,0,0,0,0,0,0,0,0,0,0,0,0,0,0,0,2015095665,3,3,,64,2,S,4,,25,,,TOWNE CENTER DR
2311,2015095713,12,64,64101,64101,2015,9,5,1647,16,1,1,0,0,1,0,0,3,0,N,N,1,1,1,1,0,0,0,0,0,0,0,0,0,0,0,0,0,0,0,0,0,0,0,0,0,0,0,0,0,0,0,0,0,0,0,0,0,0,0,0,40 19:15.064,79 41:35.213,40.3209,-79.6931,,0,,N,,,0,,N,,,,,,,,,,,,2015095713,0,1,0,0,0,0,0,0,0,0,0,0,0,1,0,1,0,0,0,1,0,0,0,0,0,0,0,0,0,0,0,0,0,0,0,0,0,0,1,0,0,0,0,0,0,0,0,0,0,0,0,0,0,0,0,0,0,0,0,0,0,0,0,0,0,0,0,0,1,1,0,0,0,0,0,0,0,0,0,0,0,0,0,0,0,0,0,0,0,2015095713,3,3,3,64,2,E,2,30,55,120,1016,LINCOLN HW
2312,2015095813,12,64,64437,64437,2015,9,5,1636,16,1,1,0,4,1,1,3,3,0,Y,N,2,2,2,0,0,1,1,0,0,0,0,0,0,0,0,0,0,0,0,0,0,0,0,0,0,0,0,0,0,0,1,0,0,0,0,0,0,0,1,0,40 26:35.221,79 40:04.335,40.4431,-79.6679,1,1,2,N,,,3,Y,N,,,,,,,,,,,,2015095813,0,0,1,1,0,0,0,0,0,0,0,0,0,0,0,1,0,0,0,0,1,0,1,1,1,0,0,0,0,0,0,0,0,0,0,0,0,0,0,0,0,0,0,0,0,0,0,0,0,0,0,0,0,0,0,0,0,0,1,0,0,0,0,0,0,0,0,0,1,0,0,0,0,0,1,0,0,0,0,0,0,0,0,0,0,0,0,0,0,2015095813,3,4,,64,2,W,4,,35,,,N HILLS RD
2313,2015095830,12,64,64217,68A01,2015,9,5,2255,22,2,1,0,4,1,0,2,1,0,N,N,2,2,2,2,0,0,0,0,0,0,0,0,0,0,0,0,0,0,0,0,0,0,0,0,0,0,0,0,0,0,0,0,0,0,0,0,0,0,0,0,40 17:03.831,79 23:37.050,40.2844,-79.3936,1,1,6,N,,,3,N,N,,,,,,,,,,,,2015095830,0,1,0,0,0,0,0,0,0,0,0,0,0,0,0,1,0,0,0,1,0,0,0,0,0,0,0,0,0,0,0,0,0,0,0,0,0,0,0,0,0,0,0,0,0,0,0,1,0,0,0,0,0,0,1,0,0,0,0,0,0,0,0,0,0,0,0,0,1,0,0,0,0,0,0,0,0,0,0,0,1,0,0,0,0,1,0,0,0,2015095830,3,3,3,64,3,E,2,30,55,470,3107,LINCOLN HW
2314,2015095832,12,64,64216,68B02,2015,9,6,503,5,2,1,0,7,4,0,0,1,0,N,N,1,1,1,0,0,0,1,0,0,0,0,0,1,0,0,1,0,0,1,0,0,0,0,0,0,0,0,0,0,0,0,4,0,0,0,0,0,1,0,0,40 11:34.570,79 38:08.110,40.1929,-79.6356,1,1,6,N,,,0,N,N,,,,,,,,,,,,2015095832,0,0,1,1,0,0,0,0,0,0,0,0,1,1,0,0,0,1,0,1,0,0,0,0,0,0,0,0,1,0,0,0,0,0,1,0,0,0,0,0,0,1,1,0,0,0,0,0,0,0,0,0,0,0,0,0,0,0,0,0,1,0,0,1,0,0,0,1,1,0,0,0,0,1,0,1,0,0,0,0,1,1,0,0,0,1,0,0,0,2015095832,3,3,,64,99,W,4,,35,,,BRICKYARD HILL RD
2315,2015095909,12,64,64102,64102,2015,9,5,2234,22,3,1,0,7,5,0,0,3,0,N,N,1,1,1,1,0,0,0,0,0,0,0,0,0,0,0,0,0,0,0,0,0,0,0,0,0,0,0,0,0,0,0,0,0,0,1,0,0,0,0,0,40 21:14.270,79 38:52.587,40.354,-79.6479,1,1,1,N,,,0,N,N,,,,,,,,,,,,2015095909,0,1,0,0,0,0,0,0,0,0,0,0,1,1,0,1,0,0,0,1,0,0,0,0,0,0,0,0,0,0,0,0,0,0,0,0,0,0,0,0,0,0,0,0,0,0,0,0,0,0,0,0,0,0,0,0,0,0,0,0,0,0,1,1,1,0,0,0,1,0,0,0,0,0,0,0,0,0,0,0,1,0,0,0,0,0,0,0,0,2015095909,3,3,3,64,2,N,2,993,40,210,177,BUSHEY RUN RD
2316,2015096018,12,64,64411,64411,2015,9,5,1132,11,1,1,0,1,1,0,0,3,0,N,N,2,2,2,1,0,0,0,0,1,0,0,0,0,0,0,0,0,0,0,0,0,0,0,0,0,0,0,0,0,0,0,0,0,0,0,0,0,1,1,0,40 19:42.877,79 42:32.536,40.3286,-79.709,,0,,N,,,0,,N,,,,,,,,,,,,2015096018,0,0,1,1,0,0,0,0,0,0,1,0,0,0,0,1,0,0,0,1,0,0,0,0,0,0,0,0,0,0,0,0,0,0,0,0,0,0,0,0,0,0,0,0,0,0,0,0,1,0,0,0,0,0,1,0,0,0,1,0,0,0,0,0,0,0,0,1,1,0,0,0,0,0,0,0,0,0,0,0,0,0,0,0,0,0,0,0,0,2015096018,3,3,,64,2,E,4,,25,,,PENNSYLVANIA AV