_id,CRASH_CRN,DISTRICT,CRASH_COUNTY,MUNICIPALITY,POLICE_AGCY,CRASH_YEAR,CRASH_MONTH,DAY_OF_WEEK,TIME_OF_DAY,HOUR_OF_DAY,ILLUMINATION,WEATHER,ROAD_CONDITION,COLLISION_TYPE,RELATION_TO_ROAD,INTERSECT_TYPE,TCD_TYPE,URBAN_RURAL,LOCATION_TYPE,SCH_BUS_IND,SCH_ZONE_IND,TOTAL_UNITS,PERSON_COUNT,VEHICLE_COUNT,AUTOMOBILE_COUNT,MOTORCYCLE_COUNT,BUS_COUNT,SMALL_TRUCK_COUNT,HEAVY_TRUCK_COUNT,SUV_COUNT,VAN_COUNT,BICYCLE_COUNT,FATAL_COUNT,INJURY_COUNT,MAJ_INJ_COUNT,MOD_INJ_COUNT,MIN_INJ_COUNT,UNK_INJ_DEG_COUNT,UNK_INJ_PER_COUNT,UNBELTED_OCC_COUNT,UNB_DEATH_COUNT,UNB_MAJ_INJ_COUNT,BELTED_DEATH_COUNT,BELTED_MAJ_INJ_COUNT,MCYCLE_DEATH_COUNT,MCYCLE_MAJ_INJ_COUNT,BICYCLE_DEATH_COUNT,BICYCLE_MAJ_INJ_COUNT,PED_COUNT,PED_DEATH_COUNT,PED_MAJ_INJ_COUNT,COMM_VEH_COUNT,MAX_SEVERITY_LEVEL,DRIVER_COUNT_16YR,DRIVER_COUNT_17YR,DRIVER_COUNT_18YR,DRIVER_COUNT_19YR,DRIVER_COUNT_20YR,DRIVER_COUNT_50_64YR,DRIVER_COUNT_65_74YR,DRIVER_COUNT_75PLUS,LATITUDE,LONGITUDE,DEC_LAT,DEC_LONG,EST_HRS_CLOSED,LANE_CLOSED,LN_CLOSE_DIR,NTFY_HIWY_MAINT,RDWY_SURF_TYPE_CD,SPEC_JURIS_CD,TCD_FUNC_CD,TFC_DETOUR_IND,WORK_ZONE_IND,WORK_ZONE_TYPE,WORK_ZONE_LOC,CONS_ZONE_SPD_LIM,WORKERS_PRES,WZ_CLOSE_DETOUR,WZ_FLAGGER,WZ_LAW_OFFCR_IND,WZ_LN_CLOSURE,WZ_MOVING,WZ_OTHER,WZ_SHLDER_MDN,FLAG_CRN,INTERSTATE,STATE_ROAD,LOCAL_ROAD,LOCAL_ROAD_ONLY,TURNPIKE,WET_ROAD,SNOW_SLUSH_ROAD,ICY_ROAD,SUDDEN_DEER,SHLDR_RELATED,REAR_END,HO_OPPDIR_SDSWP,HIT_FIXED_OBJECT,SV_RUN_OFF_RD,WORK_ZONE,PROPERTY_DAMAGE_ONLY,FATAL_OR_MAJ_INJ,INJURY,FATAL,NON_INTERSECTION,INTERSECTION,SIGNALIZED_INT,STOP_CONTROLLED_INT,UNSIGNALIZED_INT,SCHOOL_BUS,SCHOOL_ZONE,HIT_DEER,HIT_TREE_SHRUB,HIT_EMBANKMENT,HIT_POLE,HIT_GDRAIL,HIT_GDRAIL_END,HIT_BARRIER,HIT_BRIDGE,OVERTURNED,MOTORCYCLE,BICYCLE,HVY_TRUCK_RELATED,VEHICLE_FAILURE,TRAIN_TROLLEY,PHANTOM_VEHICLE,ALCOHOL_RELATED,DRINKING_DRIVER,UNDERAGE_DRNK_DRV,UNLICENSED,CELL_PHONE,NO_CLEARANCE,RUNNING_RED_LT,TAILGATING,CROSS_MEDIAN,CURVE_DVR_ERROR,LIMIT_65MPH,SPEEDING,SPEEDING_RELATED,AGGRESSIVE_DRIVING,FATIGUE_ASLEEP,DRIVER_16YR,DRIVER_17YR,DRIVER_65_74YR,DRIVER_75PLUS,UNBELTED,PEDESTRIAN,DISTRACTED,CURVED_ROAD,DRIVER_18YR,DRIVER_19YR,DRIVER_20YR,DRIVER_50_64YR,VEHICLE_TOWED,FIRE_IN_VEHICLE,HIT_PARKED_VEHICLE,MC_DRINKING_DRIVER,DRUGGED_DRIVER,INJURY_OR_FATAL,COMM_VEHICLE,IMPAIRED_DRIVER,DEER_RELATED,DRUG_RELATED,HAZARDOUS_TRUCK,ILLEGAL_DRUG_RELATED,ILLUMINATION_DARK,MINOR_INJURY,MODERATE_INJURY,MAJOR_INJURY,NHTSA_AGG_DRIVING,PSP_REPORTED,RUNNING_STOP_SIGN,TRAIN,TROLLEY,ROADWAY_CRN,RDWY_SEQ_NUM,ADJ_RDWY_SEQ,ACCESS_CTRL,ROADWAY_COUNTY,LANE_COUNT,RDWY_ORIENT,ROAD_OWNER,ROUTE,SPEED_LIMIT,SEGMENT,OFFSET,STREET_NAME
3182,2015133489,12,64,64101,64101,2015,12,3,353,3,2,2,1,7,2,0,0,3,0,N,N,1,1,1,1,0,0,0,0,0,0,0,0,0,0,0,0,0,0,0,0,0,0,0,0,0,0,0,0,0,0,0,0,0,0,0,0,0,0,0,0,40 20:26.727,79 43:52.988,40.3408,-79.7314,1,1,5,Y,,,0,N,N,,,,,,,,,,,,2015133489,0,1,0,0,0,1,0,0,1,0,0,0,1,1,0,1,0,0,0,1,0,0,0,0,0,0,0,0,0,0,1,0,0,0,0,0,0,0,0,0,0,0,0,0,0,0,0,0,0,0,0,0,0,1,1,0,0,0,0,0,0,0,0,0,0,0,0,0,1,0,0,0,0,0,0,0,1,0,0,0,1,0,0,0,0,0,0,0,0,2015133489,3,3,3,64,2,S,2,4023,35,30,1527,BROWNSTONE RD
3183,2015133501,12,64,64217,68A01,2015,11,2,118,1,2,1,0,7,4,0,0,1,0,N,N,1,1,1,1,0,0,0,0,0,0,0,0,0,0,0,0,0,0,0,0,0,0,0,0,0,0,0,0,0,0,0,0,0,0,0,0,1,0,0,0,40 14:12.970,79 29:53.930,40.2369,-79.4983,,0,,N,,,0,,N,,,,,,,,,,,,2015133501,0,0,1,1,0,0,0,0,0,0,0,0,1,1,0,1,0,0,0,1,0,0,0,0,0,0,0,1,0,0,0,0,0,0,0,0,0,0,0,0,0,0,0,0,0,0,0,0,0,0,0,0,0,1,1,0,0,0,0,0,0,0,0,1,0,0,1,0,1,0,0,0,0,0,0,0,0,0,0,0,1,0,0,0,0,1,0,0,0,2015133501,3,3,,64,2,N,4,,35,,,MOUNT PLEASANT RD
3184,2015133502,12,64,64209,68A01,2015,12,6,1722,17,2,1,0,2,1,0,0,3,0,N,N,3,6,3,2,0,0,0,0,0,1,0,0,1,0,0,0,1,0,0,0,0,0,0,0,0,0,0,0,0,0,0,8,0,0,0,1,0,0,0,0,40 21:18.698,79 34:28.412,40.3552,-79.5746,1,2,7,N,,,0,N,N,,,,,,,,,,,,2015133502,0,1,0,0,0,0,0,0,0,0,0,1,0,0,0,0,0,1,0,1,0,0,0,0,0,0,0,0,0,0,0,0,0,0,0,0,0,0,0,0,0,0,0,0,0,0,0,0,0,0,0,0,0,0,1,0,0,0,0,0,0,0,0,0,0,1,0,0,1,0,0,0,0,1,0,0,0,0,0,0,1,0,0,0,0,1,0,0,0,2015133502,3,3,3,64,2,S,2,66,45,90,2007,BUSINESS RT 66 RD
3185,2015133503,12,64,64209,68A01,2015,12,6,1838,18,2,4,0,4,1,6,0,3,2,N,N,2,3,2,1,0,0,0,0,1,0,0,0,0,0,0,0,0,0,0,0,0,0,0,0,0,0,0,0,0,0,0,0,0,0,0,0,0,0,0,0,40 17:36.555,79 31:27.620,40.2955,-79.5232,,0,,N,,,0,,N,,,,,,,,,,,,2015133503,0,1,0,0,0,0,0,0,0,0,0,0,0,0,0,1,0,0,0,0,1,0,0,1,0,0,0,0,0,0,0,0,0,0,0,0,0,0,0,0,0,0,0,0,0,0,0,0,0,0,0,0,0,0,1,0,0,0,0,0,0,0,0,0,0,0,0,0,1,0,0,0,0,0,0,0,0,0,0,0,1,0,0,0,0,1,0,0,0,2015133503,3,3,1,64,2,W,2,30,55,331,2057,LINCOLN HW
3186,2015133567,12,64,64214,68T09,2015,12,1,1700,17,2,1,0,9,1,0,0,1,0,N,N,1,1,1,0,0,0,1,0,0,0,0,0,0,0,0,0,0,0,0,0,0,0,0,0,0,0,0,0,0,0,0,0,0,1,0,0,0,0,0,0,40 22:30.831,79 33:40.986,40.3757,-79.5618,,0,,N,,,0,,N,,,,,,,,,,,,2015133567,0,0,0,0,1,0,0,0,1,0,0,0,0,0,0,1,0,0,0,1,0,0,0,0,0,0,1,0,0,0,0,0,0,0,0,0,0,0,0,0,0,0,0,0,0,0,0,0,0,0,0,0,0,0,0,0,0,1,0,0,0,0,0,0,0,0,0,0,1,0,0,0,0,0,0,0,1,0,0,0,1,0,0,0,0,1,0,0,0,2015133567,3,3,1,64,4,S,6,7066,55,190,2112,AMOS HUTCHINSON BY
3187,2015133581,12,64,64102,68T09,2015,12,2,327,3,2,1,0,9,1,0,0,3,0,N,N,1,2,1,0,0,0,0,0,1,0,0,0,0,0,0,0,0,0,0,0,0,0,0,0,0,0,0,0,0,0,0,0,0,0,0,0,0,0,0,0,40 23:04.373,79 40:47.262,40.3846,-79.6799,,0,,N,,,0,,N,,,,,,,,,,,,2015133581,0,0,0,0,1,0,0,0,1,0,0,0,0,0,0,1,0,0,0,1,0,0,0,0,0,0,1,0,0,0,0,0,0,0,0,0,0,0,0,0,0,0,0,0,0,0,0,0,0,0,0,1,0,0,0,0,0,0,0,0,0,0,0,0,0,0,0,0,1,0,0,0,0,0,0,0,1,0,0,0,1,0,0,0,0,1,0,0,0,2015133581,3,3,1,64,4,W,5,7076,65,80,4224,EAST/WEST TU
3188,2015133710,12,64,64101,64101,2015,12,3,1522,15,1,1,0,1,1,0,0,3,0,N,N,2,2,2,2,0,0,0,0,0,0,0,0,1,0,0,0,1,0,0,0,0,0,0,0,0,0,0,0,0,0,0,8,0,0,0,0,0,1,0,0,40 19:05.591,79 45:06.772,40.3182,-79.7519,1,1,2,N,,,0,Y,N,,,,,,,,,,,,2015133710,0,1,0,0,0,0,0,0,0,0,1,0,0,0,0,0,0,1,0,1,0,0,0,0,0,0,0,0,0,0,0,0,0,0,0,0,0,0,0,0,0,0,0,0,0,0,0,0,0,0,0,0,0,0,1,0,0,0,0,0,0,0,0,0,0,0,0,1,0,0,0,0,0,1,0,0,0,0,0,0,0,0,0,0,0,0,0,0,0,2015133710,3,3,3,64,2,S,2,3047,35,140,1703,RIDGE RD
3189,2015133795,12,64,64217,68A01,2015,12,2,1041,10,1,1,0,4,1,1,2,1,0,N,N,2,2,2,1,0,0,0,0,1,0,0,0,0,0,0,0,0,0,0,0,0,0,0,0,0,0,0,0,0,0,0,0,0,0,0,0,0,1,0,1,40 17:06.090,79 23:24.479,40.2849,-79.3901,1,1,4,N,,,3,N,N,,,,,,,,,,,,2015133795,0,1,1,0,0,0,0,0,0,0,0,0,0,0,0,1,0,0,0,0,1,1,0,0,0,0,0,0,0,0,0,0,0,0,0,0,0,0,0,0,0,0,0,0,0,0,0,1,0,0,0,0,0,0,1,0,0,0,0,1,0,0,0,0,0,0,0,1,1,0,0,0,0,0,0,0,0,0,0,0,0,0,0,0,0,1,0,0,0,2015133795,3,3,3,64,3,E,2,30,55,480,1015,LINCOLN HW
3190,2015133796,12,64,64209,68A01,2015,12,7,807,8,1,8,5,4,1,1,3,3,0,N,N,2,2,2,0,0,0,0,0,0,2,0,0,0,0,0,0,0,0,0,0,0,0,0,0,0,0,0,0,0,0,0,0,0,0,0,0,0,1,0,1,40 14:39.339,79 35:28.397,40.2443,-79.5912,,0,,N,,,3,,N,,,,,,,,,,,,2015133796,0,1,1,0,0,0,0,1,0,0,0,0,0,0,0,1,0,0,0,0,1,0,1,1,0,0,0,0,0,0,0,0,0,0,0,0,0,0,0,0,0,0,0,0,0,0,0,0,0,0,0,0,0,0,0,0,0,0,0,1,0,0,0,0,0,0,0,1,1,0,0,0,0,0,0,0,0,0,0,0,0,0,0,0,0,1,0,0,0,2015133796,3,3,3,64,2,N,2,2012,40,40,2581,DEPOT ST
3191,2015133955,12,64,64436,68T09,2015,12,5,139,1,3,1,0,0,7,0,0,3,2,N,N,1,1,1,0,0,0,0,1,0,0,0,0,1,0,1,0,0,0,0,0,0,0,0,0,0,0,0,0,0,0,1,3,0,0,0,0,0,0,0,0,40 13:29.228,79 36:26.076,40.2246,-79.6069,3,1,3,N,,,0,N,N,,,,,,,,,,,,2015133955,0,0,0,0,1,0,0,0,0,0,0,0,0,1,0,0,0,1,0,1,0,0,0,0,0,0,0,0,0,0,0,0,0,0,1,0,0,1,0,0,0,0,0,0,0,0,0,0,0,0,0,1,0,1,1,0,0,0,0,0,0,0,0,1,0,0,0,0,1,0,0,0,0,1,1,0,0,0,0,0,1,0,1,0,0,1,0,0,0,2015133955,3,3,1,64,1,E,5,7076,55,260,528,EAST/WEST PK
3192,2015133983,12,64,64103,64103,2015,12,3,1820,18,2,1,0,1,1,0,0,1,0,N,N,2,4,2,0,0,0,0,0,2,0,0,0,4,0,0,0,4,0,3,0,0,0,0,0,0,0,0,0,0,0,0,8,0,0,0,0,0,2,0,0,40 10:20.959,79 47:53.386,40.1725,-79.7982,1,2,1,N,,,0,N,N,,,,,,,,,,,,2015133983,0,1,0,0,0,0,0,0,0,0,1,0,0,0,0,0,0,1,0,1,0,0,0,0,0,0,0,0,0,0,0,0,0,0,1,0,0,0,1,0,0,0,0,0,0,0,0,0,0,0,0,0,0,1,1,0,0,0,0,0,1,0,0,0,0,0,0,1,1,0,0,0,0,1,0,0,0,0,0,0,1,0,0,0,0,0,0,0,0,2015133983,3,3,3,64,2,N,2,51,55,90,440,SR 0051 HW
3193,2015134009,12,64,64437,64437,2015,12,3,2017,20,2,1,0,1,1,0,2,3,0,N,N,3,3,3,2,0,0,0,0,1,0,0,0,0,0,0,0,0,0,0,0,0,0,0,0,0,0,0,0,0,0,0,0,0,0,0,0,0,1,0,0,40 25:15.411,79 39:26.720,40.4209,-79.6574,2,1,3,N,,,3,N,N,,,,,,,,,,,,2015134009,0,1,0,0,0,0,0,0,0,0,1,0,0,0,0,1,0,0,0,1,0,0,0,0,0,0,0,0,0,0,0,0,0,0,0,0,0,0,0,0,0,0,0,0,0,0,0,0,0,0,0,0,0,1,1,0,0,0,0,0,0,0,0,0,0,0,0,1,1,0,0,0,0,0,0,0,0,0,0,0,1,0,0,0,0,0,0,0,0,2015134009,3,3,3,64,2,E,2,22,45,60,1295,WILLIAM PENN HW
3194,2015134086,12,64,64203,68A01,2015,5,7,205,2,2,1,0,7,5,0,0,1,0,N,N,1,2,1,1,0,0,0,0,0,0,0,0,1,0,0,1,0,0,0,0,0,0,0,0,0,0,0,0,0,0,0,4,0,0,0,0,0,0,0,0,40 11:31.090,79 20:14.056,40.192,-79.3372,,0,,N,,,0,,N,,,,,,,,,,,,2015134086,0,1,0,0,0,0,0,0,1,0,0,0,1,1,0,0,0,1,0,1,0,0,0,0,0,0,0,0,1,0,0,0,0,0,1,0,0,0,0,0,0,0,0,0,0,0,0,0,0,0,0,0,0,1,1,0,0,0,0,0,0,0,0,0,0,0,0,0,1,0,0,0,0,1,0,0,1,0,0,0,1,1,0,0,0,1,0,0,0,2015134086,3,3,3,64,2,E,2,2033,55,40,2467,BETHEL CHURCH RD
3195,2015134087,12,64,64212,68A01,2015,12,5,1529,15,1,1,0,7,4,0,0,1,0,N,N,1,1,1,1,0,0,0,0,0,0,0,0,0,0,0,0,0,0,0,0,0,0,0,0,0,0,0,0,0,0,0,0,0,0,0,0,0,0,0,0,40 07:53.956,79 32:01.862,40.1317,-79.5339,,0,,N,,,0,,N,,,,,,,,,,,,2015134087,0,1,0,0,0,0,0,0,0,0,0,0,1,1,0,1,0,0,0,1,0,0,0,0,0,0,0,1,0,0,0,0,0,0,0,0,0,0,0,0,0,0,0,0,0,0,0,0,0,0,1,0,0,0,0,0,0,0,0,0,0,0,0,1,0,0,0,0,1,0,0,0,0,0,0,0,0,0,0,0,0,0,0,0,0,1,0,0,0,2015134087,3,3,3,64,2,S,2,2001,35,30,1840,BRIDGEPORT RD
3196,2015134088,12,64,64217,68A01,2015,12,4,902,9,1,1,0,1,1,0,0,1,0,N,N,2,2,2,1,0,0,0,0,1,0,0,0,0,0,0,0,0,0,0,0,0,0,0,0,0,0,0,0,0,0,0,0,0,0,0,0,0,0,0,1,40 16:40.590,79 23:46.673,40.2779,-79.3963,1,1,2,N,,,0,N,N,,,,,,,,,,,,2015134088,0,1,0,0,0,0,0,0,0,0,1,0,0,0,0,1,0,0,0,1,0,0,0,0,0,0,0,0,0,0,0,0,0,0,0,0,0,0,0,0,0,0,0,0,0,0,0,0,0,0,0,0,0,0,0,0,0,0,0,1,0,0,1,0,0,0,0,0,1,0,0,0,0,0,0,0,0,0,0,0,0,0,0,0,0,1,0,0,0,2015134088,3,3,3,64,2,S,2,981,45,590,2343,MAMMOTH PARK RD
3197,2015134089,12,64,64436,68A01,2015,12,1,2330,23,3,1,0,8,1,0,0,3,0,N,N,2,2,1,0,0,0,0,0,0,0,0,0,1,0,0,1,0,1,0,0,0,0,0,0,0,0,0,1,0,0,0,4,0,0,0,0,0,0,0,0,40 13:00.670,79 36:26.700,40.2169,-79.6074,,0,,N,,,0,,N,,,,,,,,,,,,2015134089,0,0,1,1,0,0,0,0,0,0,0,0,0,0,0,0,0,1,0,1,0,0,0,0,0,0,0,0,0,0,0,0,0,0,0,0,0,0,0,0,0,1,0,0,0,0,0,0,0,0,0,0,0,0,0,0,0,0,0,0,0,1,0,0,0,0,0,0,0,0,0,0,0,1,0,1,0,0,0,0,1,1,0,0,0,1,0,0,0,2015134089,3,3,,64,2,S,3,,25,,,PENNSYLVANIA AV
3198,2015134219,12,64,64218,64201,2015,12,4,1027,10,1,1,0,7,5,0,0,1,0,N,N,1,1,1,1,0,0,0,0,0,0,0,0,1,0,0,0,1,0,1,0,0,0,0,0,0,0,0,0,0,0,0,8,0,0,0,0,0,0,0,0,40 34:23.574,79 38:21.920,40.5732,-79.6394,,0,,N,,,0,,N,,,,,,,,,,,,2015134219,0,1,0,0,0,0,0,0,0,0,0,0,1,1,0,0,0,1,0,1,0,0,0,0,0,0,0,0,0,0,0,0,0,0,0,0,0,0,0,0,0,0,0,0,0,0,0,0,0,0,0,0,0,0,0,0,0,0,0,0,1,0,0,1,0,0,0,0,1,0,0,0,1,1,0,1,0,1,0,1,0,0,0,0,0,0,0,0,0,2015134219,3,3,3,64,2,E,2,4034,35,30,3094,MARKLE RD
3199,2015134264,12,64,64101,64101,2015,12,4,948,9,1,1,0,8,1,2,2,3,0,N,N,2,2,1,0,0,0,0,0,1,0,0,0,1,0,1,0,0,0,0,0,0,0,0,0,0,0,0,1,0,0,0,3,0,0,0,0,0,1,0,0,40 19:06.722,79 40:56.751,40.3185,-79.6824,,0,,N,,,3,,N,,,,,,,,,,,,2015134264,0,0,1,1,0,0,0,0,0,0,0,0,0,0,0,0,0,1,0,0,1,1,0,0,0,0,0,0,0,0,0,0,0,0,0,0,0,0,0,0,0,0,0,0,0,0,0,0,0,0,0,0,0,0,0,0,0,0,0,0,0,1,0,0,0,0,0,1,0,0,0,0,0,1,0,0,0,0,0,0,0,0,1,0,0,0,0,0,0,2015134264,3,4,,64,2,S,4,,25,,,ROCKY RD
3200,2015134308,12,64,64209,68A01,2015,12,6,1827,18,2,1,0,8,1,0,0,3,0,N,N,3,3,1,1,0,0,0,0,0,0,0,1,1,0,1,0,0,0,0,0,0,0,0,0,0,0,0,2,1,0,0,1,0,0,0,0,0,0,0,0,40 21:41.905,79 34:26.427,40.3616,-79.574,4,2,5,N,2,0,0,Y,N,,,,,,,,,,,,2015134308,0,1,0,0,0,0,0,0,0,0,0,0,0,0,0,0,1,1,1,1,0,0,0,0,0,0,0,0,0,0,0,0,0,0,0,0,0,0,0,0,0,1,0,0,0,0,0,0,0,0,0,0,0,0,0,0,0,0,0,0,0,1,0,0,0,0,0,0,1,0,0,0,0,1,0,1,0,0,0,0,1,0,1,0,0,1,0,0,0,2015134308,3,3,3,64,2,N,2,66,45,100,982,BUSINESS RT 66 RD
3201,2015134309,12,64,64209,68A01,2015,12,3,1305,13,1,1,1,1,1,6,4,3,2,N,N,2,2,2,1,0,0,0,0,1,0,0,0,0,0,0,0,0,0,0,0,0,0,0,0,0,0,0,0,0,0,0,0,0,0,0,0,0,0,0,0,40 17:43.893,79 31:23.386,40.2955,-79.5232,1,1,4,N,,,3,Y,N,,,,,,,,,,,,2015134309,0,1,0,0,0,1,0,0,0,0,1,0,0,0,0,1,0,0,0,0,1,0,0,1,0,0,0,0,0,0,0,0,0,0,0,0,0,0,0,0,0,0,0,0,0,0,0,0,0,0,0,0,0,0,1,0,0,0,0,0,0,0,1,0,0,0,0,0,1,0,0,0,0,0,0,0,0,0,0,0,0,0,0,0,0,1,0,0,0,2015134309,3,3,1,64,2,W,2,30,55,331,2057,LINCOLN HW
3202,2015134456,12,64,64102,64102,2015,12,4,2011,20,2,1,0,7,2,0,0,3,0,N,N,1,1,1,1,0,0,0,0,0,0,0,0,1,0,0,0,1,0,0,0,0,0,0,0,0,0,0,0,0,0,0,8,0,0,0,0,0,0,0,0,40 21:40.474,79 34:45.079,40.3612,-79.5792,2,2,6,N,,,0,Y,N,,,,,,,,,,,,2015134456,0,1,0,0,0,0,0,0,0,0,0,0,1,1,0,0,0,1,0,1,0,0,0,0,0,0,0,1,0,0,0,0,0,0,0,0,0,0,0,0,0,0,0,0,0,0,0,0,0,0,1,0,0,0,0,0,0,0,0,0,0,0,0,1,0,0,0,0,1,0,0,0,0,1,0,0,0,0,0,0,1,0,0,0,0,0,0,0,0,2015134456,3,3,3,64,2,W,2,993,40,280,2640,BUSHEY RUN RD
3203,2015134458,12,64,64305,64305,2015,12,4,2005,20,3,1,0,4,1,2,3,3,0,N,N,2,7,2,1,0,0,0,0,0,1,0,0,1,0,0,1,0,0,0,0,0,0,0,0,0,0,0,0,0,0,0,4,0,0,0,0,0,1,0,0,40 33:59.796,79 45:50.698,40.5666,-79.7641,,0,,N,,,3,,N,,,,,,,,,,,,2015134458,0,0,1,1,0,0,0,0,0,0,0,0,0,0,0,0,0,1,0,0,1,0,1,1,0,0,0,0,0,0,0,0,0,0,0,0,0,0,0,0,0,0,0,0,0,0,0,0,0,0,0,0,0,0,1,0,0,0,0,0,0,0,0,0,0,0,0,1,0,0,0,0,0,1,0,0,0,0,0,0,1,1,0,0,0,0,0,0,0,2015134458,3,4,,64,2,E,4,,,,,MCCARGO ST
3204,2015134462,12,64,64102,64102,2015,12,4,1954,19,3,1,0,4,1,1,2,3,0,N,N,2,4,2,0,0,0,0,0,1,1,0,0,1,0,0,0,1,0,0,0,0,0,0,0,0,0,0,0,0,0,0,8,0,0,0,0,0,0,0,0,40 21:18.392,79 39:03.821,40.3551,-79.6511,2,2,5,N,,,3,Y,N,,,,,,,,,,,,2015134462,0,1,1,0,0,0,0,0,0,0,0,0,0,0,0,0,0,1,0,0,1,1,0,0,0,0,0,0,0,0,0,0,0,0,0,0,0,0,0,0,0,0,0,0,0,0,0,1,0,0,0,0,0,0,1,0,0,0,0,0,0,0,1,0,0,0,0,0,1,0,0,0,0,1,0,0,0,0,0,0,1,0,0,0,0,0,0,0,0,2015134462,3,3,3,64,2,W,2,130,55,172,0,SR 0130 HW
3205,2015134507,12,64,64305,64305,2015,12,2,253,2,3,1,0,6,1,0,0,3,0,N,N,5,3,5,0,0,0,0,0,1,0,0,0,0,0,0,0,0,0,0,0,0,0,0,0,0,0,0,0,0,0,0,0,0,0,0,0,0,0,0,0,40 35:14.647,79 45:41.126,40.5874,-79.7614,2,2,6,N,,,0,N,N,,,,,,,,,,,,2015134507,0,0,1,1,0,0,0,0,0,0,0,1,0,0,0,1,0,0,0,1,0,0,0,0,0,0,0,0,0,0,0,0,0,0,0,0,0,0,0,0,0,0,0,0,0,0,0,0,0,0,0,0,0,0,0,0,0,0,0,0,0,0,0,0,0,0,0,0,1,0,1,0,0,0,0,0,0,0,0,0,1,0,0,0,0,0,0,0,0,2015134507,3,3,,64,2,E,4,,25,,,ESTHER AV
3206,2015134533,12,64,64217,68A01,2015,11,1,218,2,2,1,0,0,4,2,3,1,0,N,N,1,3,1,1,0,0,0,0,0,0,0,0,1,0,1,0,0,0,3,0,0,0,0,0,0,0,0,0,0,0,0,3,0,0,0,0,0,0,0,0,40 13:45.447,79 25:48.403,40.2293,-79.4301,1,1,3,N,,,3,N,N,,,,,,,,,,,,2015134533,0,1,0,0,0,0,0,0,0,0,0,0,0,1,0,0,0,1,0,0,1,0,1,1,0,0,0,0,0,0,0,0,0,0,1,0,0,0,0,0,0,1,1,0,0,0,0,0,0,0,0,0,0,0,1,0,0,0,0,0,1,0,0,0,0,0,0,0,1,0,0,0,0,1,0,1,0,0,0,0,1,0,1,0,0,1,1,0,0,2015134533,3,3,3,64,2,N,2,130,40,502,0,SR 0130 HW
3207,2015134534,12,64,64206,68B04,2015,12,6,2306,23,2,4,5,4,1,0,0,1,0,N,N,2,2,2,0,0,0,0,1,1,0,0,0,1,0,0,1,0,0,0,0,0,0,0,0,0,0,0,0,0,0,1,4,0,0,0,0,0,1,0,0,40 09:00.522,79 33:38.901,40.1501,-79.5608,3,2,5,N,,,0,Y,N,,,,,,,,,,,,2015134534,0,1,0,0,0,0,0,1,0,0,0,0,0,0,0,0,0,1,0,1,0,0,0,0,0,0,0,0,0,0,0,0,0,0,0,0,0,1,0,0,0,0,0,0,0,0,0,0,0,0,0,0,0,1,1,0,0,0,0,0,0,0,0,0,0,0,0,1,1,0,0,0,0,1,1,0,0,0,0,0,1,1,0,0,0,1,0,0,0,2015134534,3,3,1,64,2,S,2,119,55,61,507,CONNELLSVL NEW STANTON RD
3208,2015134535,12,64,64209,68A01,2015,12,2,1548,15,1,2,1,1,1,0,0,3,0,Y,N,2,26,2,0,0,1,0,0,1,0,0,0,0,0,0,0,0,0,0,0,0,0,0,0,0,0,0,0,0,0,1,0,0,0,0,0,0,1,0,0,40 18:03.060,79 29:35.029,40.3009,-79.4931,1,1,1,N,,,0,N,N,,,,,,,,,,,,2015134535,0,1,0,0,0,1,0,0,0,0,1,0,0,0,0,1,0,0,0,1,0,0,0,0,1,0,0,0,0,0,0,0,0,0,0,0,0,0,0,0,0,0,0,0,0,0,0,0,1,0,0,0,0,0,1,0,0,0,0,0,0,0,0,0,0,0,0,1,1,0,0,0,0,0,1,0,0,0,0,0,0,0,0,0,0,1,0,0,0,2015134535,3,3,3,64,2,N,2,2013,30,50,738,SLATE RUN RD
3209,2015134620,12,64,64411,64411,2015,12,6,1906,19,3,1,0,8,1,1,3,3,0,N,N,2,2,1,1,0,0,0,0,0,0,0,0,1,1,0,0,0,0,0,0,0,0,0,0,0,0,0,1,0,1,0,2,0,0,0,0,0,1,0,0,40 19:57.443,79 42:33.735,40.3326,-79.7094,1,2,6,N,,,3,Y,N,,,,,,,,,,,,2015134620,0,1,1,0,0,0,0,0,0,0,0,0,0,0,0,0,1,1,0,0,1,0,1,1,0,0,0,0,0,0,0,0,0,0,0,0,0,0,0,0,0,1,0,0,0,0,0,0,0,0,0,0,0,0,0,0,0,0,0,0,0,1,0,0,0,0,0,1,0,0,0,0,0,1,0,0,0,0,0,0,1,0,0,1,0,0,0,0,0,2015134620,3,3,3,64,2,W,2,993,25,120,350,THIRD ST
3210,2015134709,12,64,64101,64101,2015,12,5,1143,11,1,1,0,7,2,0,0,3,0,N,N,1,2,1,1,0,0,0,0,0,0,0,0,1,0,1,0,0,0,2,0,0,0,0,0,0,0,0,0,0,0,0,3,0,0,0,0,1,0,0,0,40 19:36.470,79 42:51.804,40.3268,-79.7144,1,1,3,Y,,,0,N,N,,,,,,,,,,,,2015134709,0,1,0,0,0,0,0,0,0,0,0,0,1,1,0,0,0,1,0,1,0,0,0,0,0,0,0,0,0,0,1,0,0,0,0,0,0,0,1,0,0,0,0,0,0,0,0,0,0,0,0,0,0,0,0,0,0,0,0,0,1,0,0,0,0,0,1,0,1,0,0,0,0,1,0,0,0,0,0,0,0,0,1,0,0,0,0,0,0,2015134709,3,3,3,64,2,E,2,30,45,100,264,LINCOLN HW